State,County,Age.Percent 65 and Older,Age.Percent Under 18 Years,Age.Percent Under 5 Years,Education.Bachelor's Degree or Higher,Education.High School or Higher,Employment.Nonemployer Establishments,Employment.Private Non-farm Employment,Employment.Private Non-farm Employment Percent Change,Employment.Private Non-farm Establishments,Ethnicities.American Indian and Alaska Native Alone,Ethnicities.Asian Alone,Ethnicities.Black Alone,Ethnicities.Hispanic or Latino,Ethnicities.Native Hawaiian and Other Pacific Islander Alone,Ethnicities.Two or More Races,Ethnicities.White Alone,"Ethnicities.White Alone, not Hispanic or Latino",Housing.Homeownership Rate,Housing.Households,Housing.Housing Units,Housing.Median Value of Owner-Occupied Units,Housing.Persons per Household,Housing.Units in Multi-Unit Structures,Income.Median Houseold Income,Income.Per Capita Income,Income.Persons Below Poverty Level,Miscellaneous.Building Permits,Miscellaneous.Foreign Born,Miscellaneous.Land Area,Miscellaneous.Language Other than English at Home,Miscellaneous.Living in Same House +1 Years,Miscellaneous.Manufacturers Shipments,Miscellaneous.Mean Travel Time to Work,Miscellaneous.Percent Female,Miscellaneous.Veterans,Population.2010 Population,Population.2014 Population,Population.Population Percent Change,Population.Population per Square Mile,Sales.Accommodation and Food Services Sales,Sales.Merchant Wholesaler Sales,Sales.Retail Sales,Sales.Retail Sales per Capita,Employment.Firms.American Indian-Owned,Employment.Firms.Asian-Owned,Employment.Firms.Black-Owned,Employment.Firms.Hispanic-Owned,Employment.Firms.Native Hawaiian and Other Pacific Islander-Owned,Employment.Firms.Total,Employment.Firms.Women-Owned
TX,Anderson County,13.8,19.2,5.1,10.9,79.0,2875,11848,-1.8,916,0.7,0.8,21.7,17.0,0.1,1.5,75.2,59.9,70.4,16378,20137,82000,2.86,8.3,40653,18495,20.3,2,6.4,1062.6,13.1,80.2,0,22.0,39.0,4592,58458,57627,-1.4,55.0,485,3653,4954,8731,0.0,2.6,0.0,0.0,0.0,3358,0.0
TX,Andrews County,9.9,30.6,9.3,14.2,73.6,1149,5388,2.6,408,1.5,0.9,2.2,54.6,0.0,1.4,93.9,41.6,78.1,5217,6041,88600,2.97,5.3,57825,27429,12.5,155,14.4,1500.71,40.5,85.2,0,23.2,48.9,972,14786,17477,18.2,9.9,149,0,983,7480,0.0,0.0,0.0,14.7,0.0,1214,29.3
TX,Angelina County,15.0,26.1,7.0,15.0,78.2,5041,30445,1.1,1869,0.8,1.1,15.7,21.2,0.1,1.2,81.2,61.5,66.7,30668,36202,84800,2.73,11.4,41354,20982,19.3,76,7.9,797.78,17.4,81.2,12914,19.0,51.1,6425,86771,87750,1.1,108.8,1125,0,11740,14216,0.0,0.0,0.0,0.0,0.0,6240,23.8
TX,Aransas County,26.6,18.6,4.6,21.7,86.0,2471,4091,5.8,507,1.2,2.1,2.0,26.7,0.1,1.9,92.8,67.9,73.3,9834,15677,130900,2.36,11.3,42476,26953,19.6,169,5.8,252.07,16.6,80.2,0,22.3,50.5,2853,23158,24972,7.8,91.9,488,135,2415,9929,0.0,0.0,0.0,0.0,0.0,2745,0.0
TX,Archer County,18.1,21.7,3.5,20.0,86.5,868,1642,7.3,197,1.2,0.3,1.1,8.2,0.1,1.6,95.7,88.5,80.6,3342,4130,100300,2.62,3.5,56452,27800,11.3,9,3.8,903.11,7.2,93.8,0,20.7,49.9,863,9054,8811,-2.7,10.0,14,434,393,4425,0.0,0.0,0.0,0.0,0.0,1012,0.0
TX,Armstrong County,21.4,23.4,6.1,24.7,88.8,157,223,-4.3,34,1.2,0.2,1.7,8.4,0.0,1.3,95.7,87.8,78.4,647,901,94100,2.63,0.3,61635,26823,11.1,0,3.9,909.11,8.5,90.4,0,25.8,50.7,187,1901,1955,2.8,2.1,6,0,23,1147,0.0,0.0,0.0,0.0,0.0,180,0.0
TX,Atascosa County,13.9,27.9,7.3,14.1,73.6,3149,10392,15.4,713,1.2,0.6,1.4,62.6,0.1,1.2,95.6,35.1,74.3,15095,17843,82900,3.0,5.4,47543,20193,16.4,69,6.5,1219.54,40.1,87.9,0,30.2,50.3,3302,44911,47774,6.4,36.8,321,694,3628,8324,1.3,0.0,0.0,36.3,0.0,3733,0.0
TX,Austin County,17.6,24.2,6.2,18.6,85.1,2573,8114,-3.2,604,0.8,0.6,9.6,25.9,0.0,1.5,87.5,63.3,76.1,10615,13002,150000,2.67,7.1,53265,25884,10.1,27,9.8,646.51,19.7,87.2,0,28.1,50.4,1877,28417,29114,2.5,44.0,249,0,2341,8785,0.0,0.0,0.0,0.0,0.0,2683,24.0
TX,Bailey County,15.0,30.3,9.4,11.1,65.4,357,1530,4.3,145,2.7,0.7,1.7,61.1,0.2,1.0,93.7,36.5,65.2,2358,2783,56500,2.98,7.3,46139,18676,13.0,0,22.4,826.8,49.1,80.1,0,19.3,49.3,425,7165,6910,-3.6,8.7,70,699,417,6642,0.0,0.0,0.0,0.0,0.0,591,0.0
TX,Bandera County,24.6,17.4,4.1,21.9,86.6,2132,2942,4.6,365,1.1,0.5,0.9,17.9,0.0,1.4,96.0,79.1,80.3,8405,11599,143600,2.4,0.8,49215,25364,15.3,1,3.7,790.96,10.8,89.8,0,38.9,50.5,3116,20485,20892,2.0,25.9,232,13,765,3766,0.0,0.0,0.0,0.0,0.0,2093,0.0
TX,Bastrop County,13.7,25.5,6.1,16.3,80.4,5561,12107,2.3,1135,1.7,1.0,8.0,35.0,0.1,2.0,87.1,55.0,78.2,25432,29592,117700,2.85,4.9,51750,23342,16.5,167,11.2,888.15,26.6,87.2,2386,34.2,49.1,6672,74171,78069,5.3,83.5,1151,516,6846,9485,0.0,0.0,0.0,13.2,0.0,5912,23.6
TX,Baylor County,25.1,21.3,5.8,24.1,83.7,250,909,-5.9,112,0.7,0.2,3.1,12.4,0.1,1.8,94.2,82.9,73.0,1798,2653,72800,2.01,7.6,33445,28021,15.4,0,2.4,867.48,6.3,84.1,0,13.5,51.9,265,3726,3592,-3.6,4.3,31,338,271,7026,0.0,0.0,0.0,0.0,0.0,0,0.0
TX,Bee County,11.4,21.3,5.9,8.2,70.8,1524,5505,3.4,474,0.8,0.7,8.6,57.8,0.1,1.2,88.6,32.7,65.4,8539,10656,73000,2.86,13.7,43690,16848,22.2,11,4.8,880.24,36.5,77.3,0,25.2,40.0,2453,31861,32863,3.1,36.2,255,0,2471,7619,0.0,0.0,2.1,0.0,0.0,1972,0.0
TX,Bell County,9.9,27.7,8.7,21.7,89.5,15232,85507,2.8,4876,1.1,3.3,22.7,23.5,0.8,4.4,67.7,48.2,56.7,104049,133786,122600,2.95,25.9,50060,22857,15.3,1989,7.7,1051.02,17.4,76.9,19249,18.9,50.0,43424,310235,329140,6.1,295.2,4014,42027,33499,12035,1.0,0.0,9.1,8.7,0.0,16333,0.0
TX,Bexar County,11.3,26.2,7.2,26.3,82.6,120595,676165,2.6,33910,1.2,2.9,8.3,59.3,0.2,2.2,85.2,29.2,59.7,604698,678122,123700,2.84,27.3,50112,24253,17.6,6959,13.1,1239.82,42.0,80.9,123050,24.1,50.8,151376,1714773,1855866,8.2,1383.1,38290,122320,228152,14359,0.0,3.5,3.8,37.3,0.0,132839,28.4
TX,Blanco County,22.4,19.2,4.0,26.8,87.0,1239,1793,3.9,260,1.4,0.5,1.1,18.8,0.1,1.3,95.6,78.2,79.2,4036,5678,162500,2.58,4.0,49487,26781,9.3,35,8.5,709.25,15.8,89.7,0,27.3,49.6,1271,10497,10812,3.1,14.8,94,0,505,5627,0.0,0.0,0.0,0.0,0.0,1604,0.0
TX,Borden County,20.6,21.6,5.4,32.1,92.1,57,0,0.0,6,0.9,0.2,0.6,16.9,0.0,2.6,95.7,80.8,66.7,225,385,100000,2.88,1.7,71607,50042,0.9,0,1.1,897.44,5.7,86.7,0,24.7,46.5,50,641,652,1.7,0.7,0,0,0,0,0.0,0.0,0.0,0.0,0.0,0,0.0
TX,Bosque County,23.9,21.8,5.4,15.4,82.0,1401,2525,-1.0,298,0.9,0.6,2.0,17.1,0.0,1.6,95.0,79.0,76.9,7012,9633,90800,2.51,3.8,44742,23992,14.7,3,6.2,982.98,13.5,85.4,0,29.0,50.5,1892,18212,17780,-2.4,18.5,53,283,1065,5989,0.0,0.0,0.0,0.0,0.0,1746,0.0
TX,Bowie County,15.5,23.8,6.5,19.0,86.8,4969,31596,1.8,2192,1.0,1.1,24.7,7.3,0.1,2.2,71.0,64.8,66.8,33808,39137,95100,2.6,14.4,42346,22911,19.7,95,3.3,885.01,6.3,85.3,17291,17.1,49.5,8160,92565,93275,0.8,104.6,1665,0,15353,16768,0.0,0.0,10.9,0.0,0.0,6735,27.1
TX,Brazoria County,10.9,26.8,7.1,27.5,85.3,22189,80192,5.6,5122,0.8,6.3,13.5,29.2,0.1,1.8,77.5,49.9,73.9,107717,126268,148000,2.86,15.8,67603,29081,11.2,3476,12.5,1357.7,25.8,87.1,310480,28.8,49.3,20900,313166,338124,8.0,230.7,3134,8419,29587,10094,0.0,5.7,9.2,14.4,0.0,23071,28.2
TX,Brazos County,8.3,20.5,6.2,38.8,85.0,11844,57295,4.0,3991,0.7,5.6,11.4,24.8,0.1,1.8,80.4,57.2,46.0,70239,83500,151400,2.61,38.6,38310,21720,29.8,1786,13.0,585.45,23.1,68.0,9794,18.0,49.3,8937,194851,209152,7.3,332.8,3402,7796,21191,12425,0.9,0.0,5.8,9.7,0.0,13887,0.0
TX,Brewster County,19.4,19.6,6.3,36.1,84.8,939,2436,-9.8,270,1.7,1.2,1.4,43.1,0.1,1.9,93.6,53.0,60.7,4152,5429,111000,2.18,10.2,40477,27796,12.4,11,5.5,6183.73,39.0,77.1,0,12.5,50.1,696,9232,9173,-0.6,1.5,254,203,868,9461,0.0,0.0,0.0,0.0,0.0,1354,25.2
TX,Briscoe County,23.9,21.8,5.5,17.8,75.8,137,129,-4.4,39,0.6,0.1,2.9,27.7,0.0,1.9,94.5,67.8,78.8,605,953,51600,2.67,3.8,36250,20697,18.6,0,10.5,900.0,19.6,93.3,0,18.9,50.5,93,1637,1536,-6.2,1.8,3,53,66,4458,0.0,0.0,0.0,0.0,0.0,198,0.0
TX,Brooks County,18.2,28.1,9.2,10.8,63.2,534,1571,-1.5,131,0.7,1.4,1.1,89.6,0.0,0.5,96.4,8.3,69.3,2439,3232,47300,2.89,8.5,21865,14345,38.3,0,6.2,943.36,65.9,82.1,0,17.9,50.4,415,7223,7194,-0.4,7.7,142,0,815,10914,0.0,0.0,0.0,0.0,0.0,525,0.0
TX,Brown County,19.3,22.9,5.6,16.0,85.1,2464,12964,0.1,925,0.8,0.6,3.8,20.9,0.1,1.7,93.1,73.2,71.3,13405,18468,87600,2.68,11.4,39776,21236,18.4,31,4.1,944.43,8.4,89.9,12494,18.2,50.4,3439,38106,37653,-1.2,40.3,498,1709,5124,13406,0.0,0.0,0.0,0.0,0.0,3313,22.3
TX,Burleson County,19.2,22.7,5.9,11.6,77.7,1317,3199,12.1,328,1.1,0.3,13.1,20.1,0.0,1.5,84.0,65.4,79.1,6258,8904,87800,2.71,3.4,45651,21529,15.0,8,6.4,659.03,14.8,88.9,0,28.3,50.3,1310,17187,17253,0.4,26.1,128,0,1838,11101,0.0,0.0,0.0,0.0,0.0,1320,29.6
TX,Burnet County,21.1,21.6,5.3,21.9,84.2,4662,10414,4.8,1107,1.1,0.6,2.4,21.9,0.1,1.4,94.4,73.8,73.2,16588,21495,152600,2.57,9.2,48115,24998,16.3,261,6.5,994.26,14.4,85.6,0,27.3,51.1,4296,42750,44943,5.2,43.0,744,818,6395,14609,0.0,0.0,0.0,0.0,0.0,5725,22.6
TX,Caldwell County,13.3,24.2,5.7,15.7,79.0,2489,6080,5.8,549,1.5,1.0,7.0,49.8,0.1,1.5,88.9,42.0,66.6,11593,13834,104000,3.02,12.6,44152,19673,18.7,98,5.4,545.26,29.3,81.5,897,31.4,49.6,2646,38066,39810,4.6,69.8,281,264,2982,8143,0.0,0.0,0.0,18.7,0.0,3111,21.9
TX,Calhoun County,16.0,25.2,6.6,15.7,77.5,1420,8029,3.2,430,0.8,4.8,3.1,47.9,0.1,1.1,90.1,43.8,71.0,7870,11737,98100,2.7,8.4,47027,23381,17.6,81,9.1,506.84,27.8,83.6,0,21.6,49.0,1706,21381,21797,1.9,42.2,210,0,3222,15877,0.0,0.0,0.0,0.0,0.0,1710,26.0
TX,Callahan County,20.1,22.2,5.4,14.7,86.1,1166,1414,4.7,207,0.8,0.6,1.5,9.4,0.1,1.7,95.3,86.7,82.1,5201,6586,74300,2.58,2.0,44902,22855,15.2,5,2.2,899.37,5.5,90.3,0,22.5,50.7,1359,13544,13513,-0.2,15.1,76,204,1189,8937,0.0,0.0,0.0,0.0,0.0,1606,0.0
TX,Cameron County,12.4,31.6,8.7,15.4,63.7,29992,99190,-3.4,6306,0.6,0.8,0.9,88.7,0.1,0.5,97.2,9.9,67.2,117836,146182,78300,3.46,21.7,33179,14710,34.8,1417,24.6,890.92,73.1,89.2,0,20.0,51.7,16018,406220,420392,3.5,456.0,5030,15166,39117,10221,0.0,1.7,1.1,61.9,0.0,30137,28.5
TX,Camp County,17.3,26.1,6.7,15.2,76.2,784,2201,-12.9,215,1.1,0.9,16.9,23.4,0.2,2.3,78.7,57.3,67.0,4475,5671,103100,2.74,7.3,37079,19176,21.8,10,12.5,195.83,21.2,87.6,0,20.3,51.6,997,12401,12621,1.8,63.3,74,335,968,7738,0.0,0.0,0.0,9.3,0.0,1093,0.0
TX,Carson County,17.1,25.2,5.6,21.5,87.6,406,679,0.1,116,1.4,0.5,0.9,10.0,0.1,1.7,95.5,86.0,89.3,2337,2771,87700,2.6,1.7,65026,26827,7.2,3,2.6,920.22,8.0,87.2,0,19.8,50.3,472,6182,6013,-2.7,6.7,18,0,497,7952,0.0,0.0,0.0,0.0,0.0,357,24.6
TX,Cass County,21.2,22.5,5.9,13.0,84.3,1741,5225,-4.8,502,0.7,0.4,17.1,4.3,0.0,1.6,80.2,76.5,71.7,11836,14407,77400,2.52,8.3,35598,20104,20.9,11,1.7,936.96,3.4,87.8,6447,27.0,51.6,2980,30464,30261,-0.7,32.5,175,1550,2168,7388,0.0,0.0,0.0,0.0,0.0,2168,26.8
TX,Castro County,14.0,30.4,9.0,12.8,68.2,431,1088,3.8,177,1.6,0.5,2.6,62.7,0.0,1.0,94.2,34.1,68.7,2588,3184,68500,3.07,6.0,36402,19708,24.1,0,19.6,894.43,47.8,87.9,0,15.4,49.0,408,8062,7781,-3.5,9.0,23,1545,400,5579,0.0,0.0,0.0,8.1,0.0,534,0.0
TX,Chambers County,10.8,27.7,6.7,18.0,85.0,2499,10370,7.1,544,1.1,1.3,9.0,21.3,0.1,1.3,87.3,67.8,82.9,12147,14418,144900,2.9,4.1,72489,30140,9.7,377,8.5,597.14,17.8,86.9,0,31.5,49.7,2277,35096,38145,8.7,58.8,314,1372,2749,9540,0.0,0.0,0.0,0.0,0.0,2899,24.4
TX,Cherokee County,16.1,25.6,6.9,15.1,76.7,3077,11106,-0.7,777,1.6,0.6,15.0,22.0,0.0,1.9,80.9,61.4,71.8,17422,20977,76300,2.76,5.9,38378,18801,24.5,6,10.1,1052.91,17.5,86.7,5525,23.8,48.9,3552,50845,50902,0.1,48.3,364,0,3631,7547,0.0,0.0,0.0,0.0,0.0,3609,21.7
TX,Childress County,15.3,20.9,5.5,18.6,88.4,339,1512,1.7,160,0.7,0.8,10.1,29.5,0.0,1.4,87.0,58.5,72.8,2374,2865,62700,2.36,11.3,47532,20248,15.9,0,4.2,696.41,15.3,79.9,0,12.6,41.0,509,7041,7089,0.7,10.1,116,313,754,10014,0.0,0.0,0.0,0.0,0.0,442,0.0
TX,Clay County,20.3,21.6,4.9,18.2,88.5,773,862,-5.2,124,1.5,0.3,0.9,5.4,0.0,1.9,95.5,90.9,85.2,4216,5149,81600,2.51,2.3,53776,25867,10.3,5,1.6,1088.72,3.9,89.8,0,25.1,49.8,849,10752,10370,-3.6,9.9,25,54,776,6984,0.0,0.0,0.0,0.0,0.0,535,0.0
TX,Cochran County,14.9,28.3,7.8,12.4,66.1,176,297,-0.3,52,2.5,0.3,5.1,57.0,0.2,1.0,90.8,37.3,79.4,1039,1357,35500,2.85,4.9,38650,17371,15.1,1,15.0,775.15,43.9,86.7,0,16.7,50.5,141,3127,2935,-6.1,4.0,2,119,268,8706,0.0,0.0,0.0,0.0,0.0,0,0.0
TX,Coke County,26.9,19.7,5.1,17.4,85.5,293,241,-23.2,66,2.1,0.3,1.0,21.1,0.0,1.3,95.3,75.8,73.2,1436,2663,70400,2.16,4.0,40795,26407,11.0,0,3.7,911.47,12.2,82.9,0,21.5,51.3,301,3320,3254,-2.0,3.6,0,0,245,7233,0.0,0.0,0.0,0.0,0.0,0,0.0
TX,Coleman County,23.4,21.9,5.7,15.0,82.3,755,1444,-7.7,218,1.3,0.5,2.8,17.7,0.0,1.7,93.6,77.5,67.9,3478,5527,60900,2.48,9.9,31373,18967,27.6,0,0.7,1261.95,4.0,94.1,0,23.3,49.8,799,8895,8430,-5.2,7.0,50,161,479,5646,0.0,0.0,0.0,0.0,0.0,1174,26.3
TX,Collin County,9.7,27.2,6.5,49.3,93.4,75827,336461,7.1,19906,0.7,12.9,9.6,15.1,0.1,2.5,74.2,60.4,68.2,289752,327567,206100,2.79,25.2,82762,37839,7.8,10635,17.6,841.23,24.8,85.5,74337,27.5,50.9,42843,782341,885241,13.2,930.0,13804,93748,123507,16850,0.9,10.0,4.6,7.2,0.0,78539,28.0
TX,Collingsworth County,17.5,28.3,7.5,18.9,79.0,200,487,-0.8,60,2.5,0.5,5.9,32.4,0.0,2.0,89.0,59.8,78.5,1174,1609,66400,2.54,7.4,41576,22847,20.4,0,12.0,918.44,23.8,85.9,0,19.3,51.1,204,3057,3017,-1.3,3.3,13,0,171,5788,0.0,0.0,0.0,0.0,0.0,0,0.0
TX,Colorado County,20.7,22.9,5.7,16.9,82.2,1824,6014,-5.6,551,1.0,0.8,13.5,28.3,0.1,1.2,83.5,57.7,77.3,8079,10551,109600,2.52,6.7,45146,24348,16.6,10,8.4,960.27,21.6,93.3,3073,23.8,49.9,1689,20874,20719,-0.7,21.7,217,1368,2267,11050,0.0,0.0,0.0,0.0,0.0,1831,29.0
TX,Comal County,17.4,23.1,5.7,33.3,89.4,11588,40920,5.8,3093,0.8,1.0,2.3,26.6,0.1,1.7,94.1,69.0,76.1,41954,51427,205000,2.64,11.0,65839,32980,10.2,2075,6.2,559.48,17.1,84.7,10936,29.9,50.7,12595,108472,123694,14.0,193.9,1844,9606,15397,14632,0.0,0.0,0.0,10.3,0.0,12349,25.8
TX,Comanche County,22.9,23.1,6.1,18.9,76.0,974,2417,1.6,263,1.2,0.3,1.0,27.3,0.0,1.1,96.4,70.6,77.0,5162,7265,73700,2.64,3.9,36020,19268,26.4,3,6.9,937.75,21.4,90.2,0,21.8,50.9,1176,13974,13550,-3.0,14.9,0,831,1177,8744,0.0,0.0,0.0,0.0,0.0,0,0.0
TX,Concho County,15.7,12.9,3.4,10.8,71.2,218,734,4.9,46,0.6,0.4,2.6,56.3,0.1,1.4,94.9,40.7,79.1,857,1641,76100,3.29,2.4,51411,19976,16.5,0,30.3,983.8,35.2,74.0,0,24.9,30.1,267,4087,4050,-0.9,4.2,43,0,176,4930,0.0,0.0,0.0,0.0,0.0,137,0.0
TX,Cooke County,17.4,24.2,6.5,19.5,83.8,3333,13373,3.3,890,1.4,1.1,3.2,17.0,0.1,1.7,92.6,76.8,69.5,14466,16690,117100,2.61,8.4,50067,25186,14.8,25,7.9,874.76,14.7,82.7,5797,24.3,50.4,2935,38437,38761,0.8,43.9,525,998,4997,13006,0.0,0.0,0.0,4.9,0.0,4564,0.0
TX,Coryell County,9.0,24.8,7.3,15.1,87.5,2640,9983,4.1,708,1.2,2.2,17.4,17.9,0.8,4.0,74.4,59.4,57.3,20416,26032,97400,3.17,20.4,49819,19357,13.4,146,5.5,1052.07,14.6,79.1,0,20.1,50.4,9150,75388,75562,0.2,71.7,453,343,4425,6096,0.0,3.5,4.8,6.2,0.0,3067,25.7
TX,Cottle County,24.5,21.8,4.0,16.1,76.2,132,154,-1.3,27,0.5,0.1,10.4,24.3,0.1,1.3,87.6,64.5,72.4,709,960,41400,2.16,7.5,34639,21089,15.4,0,4.3,900.56,13.8,84.2,0,17.4,52.3,103,1505,1415,-6.0,1.7,0,0,126,8219,0.0,0.0,0.0,0.0,0.0,99,0.0
TX,Crane County,11.3,30.0,8.4,13.6,68.9,288,1186,11.6,92,1.6,0.7,3.0,61.9,0.1,1.3,93.3,34.1,75.8,1571,1662,66800,2.79,2.1,50417,22291,13.8,1,16.5,785.07,48.4,82.6,0,24.5,50.2,228,4375,4950,13.1,5.6,10,232,478,12379,0.0,0.0,0.0,0.0,0.0,407,39.6
TX,Crockett County,15.1,25.6,7.5,11.1,64.3,320,1337,17.8,126,1.9,0.7,1.9,64.0,0.1,1.1,94.3,33.8,69.2,1375,1869,56200,2.73,8.2,50475,23872,16.7,0,10.3,2807.33,44.3,89.5,0,17.2,50.3,209,3719,3812,2.5,1.3,82,0,588,15572,0.0,0.0,0.0,0.0,0.0,0,0.0
TX,Crosby County,18.9,26.8,7.1,13.8,69.5,362,640,-2.0,98,1.2,0.1,4.4,54.0,0.1,1.5,92.8,41.1,67.2,2164,2910,55400,2.75,7.0,38187,18959,26.5,5,5.2,900.2,32.9,76.9,0,19.7,50.7,297,6059,5899,-2.6,6.7,0,1194,237,3807,0.0,0.0,0.0,0.0,0.0,455,31.0
TX,Culberson County,16.8,25.1,7.5,16.5,70.2,187,570,3.1,52,3.1,1.7,1.3,73.5,0.0,2.8,91.0,21.3,63.4,838,1153,46600,2.75,5.6,37105,16227,25.2,1,13.0,3812.8,64.0,92.4,0,10.9,51.2,143,2398,2266,-5.5,0.6,103,0,1062,42653,0.0,0.0,0.0,0.0,0.0,241,0.0
TX,Dallam County,8.7,32.0,9.3,10.4,72.3,498,1653,-0.2,208,1.9,0.9,2.0,42.9,0.1,1.9,93.1,52.6,61.3,2375,2896,70700,2.86,6.9,40895,19752,18.1,20,17.3,1503.26,33.6,80.3,0,14.0,48.5,297,6703,7135,6.4,4.5,125,3110,853,13911,0.0,0.0,0.0,0.0,0.0,675,0.0
TX,Dallas County,9.7,26.9,7.7,28.6,77.4,210881,1322022,2.4,62501,1.1,5.9,23.1,39.3,0.1,1.7,68.0,31.1,52.5,858332,974457,128300,2.77,38.9,49481,26816,19.1,14360,23.1,871.28,40.6,82.5,390470,26.0,50.7,106414,2368139,2518638,6.4,2718.0,57051,581651,331772,13929,0.8,6.9,13.6,15.3,0.0,228604,28.1
TX,Dawson County,14.7,25.0,7.1,9.4,68.5,678,2818,4.3,277,1.1,0.6,6.6,55.5,0.1,1.3,90.3,37.3,73.6,4414,5202,55700,2.63,4.7,39714,17677,21.9,7,8.3,900.31,36.1,84.5,0,14.0,44.8,489,13833,13372,-3.3,15.4,124,913,1483,10747,0.0,0.0,0.0,0.0,0.0,887,0.0
TX,Deaf Smith County,11.9,31.9,9.1,15.6,69.5,1166,5131,-6.8,399,1.7,0.6,2.0,70.6,0.1,1.0,94.7,27.0,65.3,6191,7061,80200,3.07,13.3,41444,17532,18.9,10,16.7,1496.87,51.6,87.2,4707,15.1,50.4,690,19372,19195,-0.9,12.9,172,0,2242,12227,0.0,0.0,0.0,0.0,0.0,1740,22.1
TX,Delta County,22.0,22.0,5.3,16.2,85.4,355,528,5.2,60,1.9,0.6,8.0,7.2,0.0,2.9,86.5,80.5,83.0,1929,2466,71600,2.67,3.8,40375,20150,17.9,2,1.0,256.83,1.9,85.4,0,27.7,50.5,548,5231,5238,0.1,20.4,0,0,264,4920,0.0,0.0,0.0,0.0,0.0,384,0.0
TX,Denton County,8.7,26.1,6.6,40.5,91.8,59107,182916,1.7,12517,0.9,7.7,9.6,19.0,0.1,2.5,79.3,61.7,65.5,243394,280409,184100,2.78,26.3,74155,33855,8.7,3565,14.2,878.43,22.0,80.7,40082,27.4,50.8,39891,662614,753363,13.7,754.3,7978,123589,76683,12465,0.6,6.2,5.3,8.6,0.0,58767,30.1
TX,DeWitt County,19.4,22.1,6.4,12.4,76.8,1520,5159,1.2,441,0.9,0.6,9.5,33.9,0.0,1.3,87.7,56.0,78.0,6948,9170,80700,2.66,6.0,46454,23720,13.5,5,2.6,908.98,18.0,85.3,1103,24.4,47.9,1742,20097,20684,2.9,22.1,148,304,1598,8108,0.0,0.0,0.0,0.0,0.0,1509,26.5
TX,Dickens County,20.9,18.9,6.2,13.5,77.4,170,250,1.2,42,2.1,1.1,6.0,29.5,0.1,2.0,88.7,62.8,76.8,913,1282,48400,2.28,2.5,38401,20578,18.8,0,3.5,901.72,14.4,75.7,0,15.9,42.4,220,2444,2218,-9.2,2.7,9,0,113,4577,0.0,0.0,0.0,0.0,0.0,0,0.0
TX,Dimmit County,14.3,30.4,8.3,9.2,61.6,737,5806,26.1,234,0.8,0.6,1.7,85.9,0.0,0.7,96.2,12.2,69.8,3542,4357,49900,2.86,7.6,36681,17516,26.5,5,6.6,1328.88,70.8,90.5,0,15.5,50.9,433,9996,11089,10.9,7.5,82,0,747,7658,0.0,0.0,0.0,0.0,0.0,1017,0.0
TX,Donley County,23.3,19.7,5.6,16.7,85.9,236,492,2.9,85,0.7,0.4,5.1,10.9,0.1,1.4,92.4,81.8,76.7,1280,2135,61100,2.6,7.1,42411,21904,16.7,1,2.2,926.89,8.6,83.7,0,20.4,51.5,292,3677,3543,-5.0,4.0,37,0,292,7637,0.0,0.0,0.0,0.0,0.0,0,0.0
TX,Duval County,17.2,25.7,7.2,6.8,66.0,753,2533,14.2,163,0.8,0.3,1.4,88.5,0.1,0.5,96.9,9.9,72.5,3901,5534,52700,2.84,4.5,34131,20181,19.7,0,3.4,1793.48,65.7,81.3,0,22.9,48.4,650,11782,11533,-2.1,6.6,37,174,496,4084,0.0,0.0,0.0,60.6,0.0,1015,21.8
TX,Eastland County,21.1,21.4,5.5,16.0,82.0,1396,5395,9.5,472,1.1,0.6,2.5,16.0,0.1,1.2,94.6,79.6,75.1,6872,10251,61200,2.55,7.7,34914,21125,19.0,0,4.0,926.49,10.7,87.8,1354,21.2,50.8,1657,18583,18176,-2.2,20.1,176,1807,2596,14170,0.0,0.0,0.0,0.0,0.0,1747,23.4
TX,Ector County,9.6,29.8,9.0,13.5,72.9,10328,62316,8.4,3582,1.4,1.1,4.9,57.5,0.2,1.4,91.1,36.0,65.7,49962,56500,91200,2.8,19.9,51466,24247,15.9,556,13.7,897.69,43.4,81.6,20496,20.4,49.6,7071,137130,153904,12.2,152.8,2285,20042,20906,16222,1.6,1.6,2.0,30.5,0.0,11745,26.3
TX,Edwards County,26.0,20.2,5.6,24.2,68.9,187,182,13.0,37,2.2,0.7,0.8,54.4,0.0,0.7,95.5,43.9,91.6,838,1608,70500,2.45,0.5,43839,22015,18.4,0,12.7,2117.86,49.8,86.2,0,22.9,49.7,156,2002,1879,-6.1,0.9,0,0,116,6063,0.0,0.0,0.0,0.0,0.0,435,0.0
TX,Ellis County,11.9,27.0,6.4,20.7,83.6,12541,36269,5.2,2614,0.8,0.7,9.7,25.1,0.1,1.7,87.0,63.4,74.6,51016,57041,137500,2.95,11.3,61952,25662,11.9,1096,7.8,935.49,18.9,85.0,40806,29.0,50.6,9986,149610,159317,6.5,159.9,1265,2791,13231,9265,0.0,0.0,0.0,10.3,0.0,14160,26.6
TX,El Paso County,11.3,28.3,8.1,20.7,74.0,53783,221264,0.6,13814,1.0,1.3,4.0,81.2,0.2,1.4,92.1,13.3,61.7,255573,286659,111800,3.13,23.4,40157,18379,23.3,3043,26.0,1012.69,73.0,84.6,144234,23.2,51.0,49258,800647,833487,4.1,790.6,10312,50025,84609,11625,1.1,2.0,2.2,61.4,0.0,63143,27.1
TX,Erath County,13.7,20.8,6.0,24.3,82.0,2823,11608,-1.0,915,1.4,0.8,1.7,20.1,0.1,1.4,94.6,76.0,59.9,14383,17460,111100,2.57,14.5,39586,21670,22.3,85,8.5,1083.07,18.0,80.5,8493,18.2,50.9,2299,37890,40147,6.0,35.0,553,0,4450,12543,0.0,0.0,0.0,0.0,0.0,3925,0.0
TX,Falls County,17.3,21.2,6.3,10.7,74.4,907,1771,7.9,223,1.0,0.5,24.8,22.5,0.2,1.8,71.8,51.6,72.0,5600,7723,60800,2.84,10.0,32908,16486,20.9,3,5.7,765.48,17.0,91.0,0,27.0,52.3,1359,17866,16989,-4.9,23.3,0,531,716,4249,0.0,0.0,0.0,0.0,0.0,1121,0.0
TX,Fannin County,18.8,21.0,5.3,15.0,82.4,2251,4708,-0.8,454,1.2,0.5,7.0,10.5,0.1,2.2,89.0,79.4,74.6,11814,14228,92600,2.63,8.8,44355,20337,17.2,27,4.5,890.84,8.0,82.0,1358,28.2,47.0,3299,33915,33752,-0.5,38.1,184,0,2973,9044,0.0,0.0,0.0,0.0,0.0,2254,0.0
TX,Fayette County,23.8,20.9,5.0,16.8,80.2,2365,6827,-0.1,734,1.2,0.4,6.9,19.9,0.1,1.1,90.4,72.2,76.4,9999,13869,130300,2.41,5.6,48015,27032,11.6,6,7.9,950.01,18.1,92.1,2778,23.0,50.8,2071,24554,24833,1.1,25.8,319,1587,2620,11611,0.0,0.0,0.0,0.0,0.0,3232,19.6
TX,Fisher County,23.1,20.7,4.4,15.2,80.8,222,555,8.0,70,1.0,0.4,3.8,27.9,0.0,1.8,92.8,67.1,71.1,1518,2205,62200,2.54,6.2,42125,22709,17.1,0,2.1,898.94,17.8,90.6,0,20.9,50.4,293,3974,3831,-3.6,4.4,0,0,120,3040,0.0,0.0,0.0,0.0,0.0,379,0.0
TX,Floyd County,18.7,27.2,7.7,17.1,74.6,355,1017,4.1,157,1.3,0.4,4.2,56.2,0.0,1.0,93.2,39.5,69.3,2457,2993,61200,2.55,3.5,42279,21655,20.3,6,5.6,992.14,36.8,89.1,0,18.1,50.3,312,6446,5949,-7.7,6.5,18,655,400,6026,0.0,0.0,0.0,0.0,0.0,619,13.9
TX,Foard County,24.9,21.4,4.8,21.8,78.0,114,156,4.0,27,0.4,0.8,5.3,18.7,0.0,1.3,92.2,74.2,69.5,491,789,37500,2.23,6.2,33750,20202,15.4,0,1.5,704.4,4.8,92.8,0,12.7,51.4,93,1336,1275,-4.6,1.9,0,0,70,5037,0.0,0.0,0.0,0.0,0.0,154,0.0
TX,Fort Bend County,9.4,27.9,6.7,41.4,88.5,57132,138739,7.6,10791,0.6,19.0,21.1,24.0,0.1,2.0,57.2,35.1,78.7,191406,223983,183600,3.15,10.3,85297,34084,8.4,9268,25.9,861.48,37.9,89.2,49866,30.6,50.9,26189,585375,685345,17.2,679.5,5834,66152,53061,10440,0.0,16.5,16.5,15.9,0.0,50412,32.0
TX,Franklin County,20.3,24.2,5.9,20.3,83.5,774,5741,2.0,168,1.1,0.8,4.5,13.7,0.0,1.7,91.9,79.3,77.0,4304,5784,92800,2.43,4.9,45523,28189,14.4,1,6.9,284.39,13.0,89.1,0,22.4,51.0,995,10605,10600,0.0,37.3,64,48,878,7968,0.0,0.0,0.0,0.0,0.0,977,0.0
TX,Freestone County,18.2,23.1,5.9,11.7,78.8,1202,3926,1.9,349,1.4,0.8,16.5,14.8,0.0,1.6,79.7,67.3,79.4,7251,9290,76900,2.51,4.2,44502,22876,15.6,7,7.2,877.74,12.1,85.1,0,24.3,48.2,1756,19816,19762,-0.3,22.6,225,416,2542,13512,0.0,0.0,0.0,0.0,0.0,1590,0.0
TX,Frio County,11.6,24.4,7.0,6.5,63.9,984,5060,2.9,314,0.9,2.3,3.9,77.8,0.0,0.9,92.0,16.2,65.8,4805,5894,62900,3.09,9.4,35849,15863,24.0,11,9.7,1133.5,60.5,84.2,0,17.4,41.3,935,17217,18531,7.6,15.2,74,315,1075,6679,0.0,0.0,0.0,53.8,0.0,1214,31.7
TX,Gaines County,9.3,35.1,9.9,11.9,59.3,1600,3803,7.6,391,1.1,0.5,2.2,39.5,0.0,1.3,94.9,57.4,76.9,5437,6356,93000,3.29,5.2,52910,21572,16.8,15,19.2,1502.38,49.0,85.2,0,16.7,49.4,472,17526,19425,10.8,11.7,95,1692,825,5575,0.0,0.0,0.0,0.0,0.0,1564,18.3
TX,Galveston County,12.8,24.7,6.4,28.5,87.1,21630,81745,3.0,5378,0.8,3.4,13.6,23.7,0.1,1.9,80.1,58.1,68.7,110032,139612,148600,2.65,21.5,61877,30926,13.3,3006,9.7,378.36,19.3,82.5,234808,26.7,50.6,21663,291309,314198,7.9,769.9,5909,17615,27502,9700,0.0,5.9,7.6,10.3,0.0,22869,30.0
TX,Garza County,11.4,18.4,4.6,9.5,62.3,342,1372,6.1,124,0.8,0.7,7.4,50.0,0.1,0.9,90.2,42.3,75.9,1588,2223,72000,2.54,7.1,47540,16175,15.5,0,39.5,893.41,51.5,73.5,0,15.0,35.4,268,6461,6435,-0.4,7.2,61,99,349,7370,0.0,0.0,0.0,0.0,0.0,0,0.0
TX,Gillespie County,28.5,19.4,5.0,29.2,86.5,3320,8418,4.5,915,1.2,0.4,0.6,21.6,0.1,0.9,96.7,76.5,74.7,10655,12911,216600,2.3,8.4,53668,30117,12.0,39,7.8,1058.21,21.5,86.4,882,19.2,51.5,2666,24837,25520,2.7,23.5,522,1004,3111,13247,0.0,0.0,0.0,0.0,0.0,4379,28.7
TX,Glasscock County,14.4,25.9,6.0,18.8,77.9,125,236,28.3,23,0.9,0.1,1.7,34.1,0.2,0.8,96.4,63.1,69.2,409,581,119100,2.84,0.7,69107,31135,4.2,0,14.0,900.22,27.0,93.0,0,22.0,45.8,39,1226,1291,5.3,1.4,0,0,0,0,0.0,0.0,0.0,0.0,0.0,0,0.0
TX,Goliad County,20.3,21.7,4.7,14.2,85.7,558,831,-14.9,115,1.0,0.4,5.2,35.7,0.0,1.1,92.3,58.5,81.1,3028,3714,111600,2.35,4.1,50923,30031,14.7,0,2.1,852.01,20.1,87.9,0,29.4,50.1,704,7210,7549,4.7,8.5,38,0,373,5332,0.0,0.0,0.0,0.0,0.0,548,29.2
TX,Gonzales County,16.1,26.5,7.1,14.5,69.3,1222,4849,0.4,410,1.7,0.5,7.6,49.4,0.1,1.1,89.0,42.9,69.5,6638,8796,77500,2.95,7.8,39248,20288,21.9,35,13.2,1066.69,38.8,87.9,4446,21.4,49.5,1083,19807,20462,3.3,18.6,173,902,1792,9252,0.0,0.0,0.0,0.0,0.0,1554,27.1
TX,Gray County,15.3,25.7,7.3,13.5,80.2,1308,7124,-0.6,625,1.4,0.7,5.2,27.1,0.0,2.1,90.6,65.4,74.4,8388,10101,68000,2.5,7.9,43504,21738,14.6,3,7.3,925.97,19.1,82.4,6836,19.5,47.5,1467,22535,23044,2.3,24.3,0,0,0,0,0.0,0.0,0.0,0.0,0.0,1689,0.0
TX,Grayson County,17.0,23.8,6.1,19.6,86.3,8927,39572,2.5,2513,1.8,1.2,6.2,12.6,0.1,2.5,88.3,76.8,67.4,46559,54399,104500,2.55,15.5,46429,24003,15.7,271,5.7,932.8,9.5,81.4,25428,24.8,51.2,9787,120877,123534,2.2,129.6,1677,6517,15947,13493,1.6,1.4,1.7,0.0,0.0,12376,28.1
TX,Gregg County,14.2,25.8,7.6,19.9,82.5,8933,67669,1.1,4097,1.0,1.3,20.5,18.0,0.1,1.9,75.2,58.8,62.4,45292,51413,121300,2.61,22.6,45525,24064,17.6,266,9.1,273.3,15.9,80.2,42339,20.2,51.0,8642,121730,123204,1.2,445.4,2466,14015,24051,20568,0.7,0.0,8.8,3.9,0.0,13320,25.3
TX,Grimes County,16.0,22.0,5.6,11.1,78.5,1892,6010,-1.9,405,0.9,0.7,16.5,22.8,0.1,1.5,80.4,59.1,76.3,8848,10980,92900,2.65,5.1,43994,20307,19.1,15,8.5,787.46,17.4,85.0,8926,33.8,45.5,2462,26604,27172,2.3,33.8,125,1424,1573,6110,0.0,0.0,0.0,0.0,0.0,1896,0.0
TX,Guadalupe County,13.0,26.2,6.3,24.6,86.0,8867,27160,3.3,1880,1.0,1.7,7.9,37.0,0.2,2.5,86.8,52.2,77.8,46409,53973,156000,2.89,7.2,61958,26184,9.7,765,6.9,711.3,24.1,87.0,21541,25.4,50.6,15646,131533,147250,11.9,184.9,1164,8221,10261,9115,0.0,0.0,0.0,21.6,0.0,9803,29.5
TX,Hale County,13.0,27.7,8.0,13.2,70.2,1978,9615,-13.4,716,1.7,0.6,5.9,58.2,0.1,1.2,90.5,35.2,63.9,11624,13502,70800,2.84,11.1,41191,18004,22.3,8,9.5,1004.68,37.5,78.4,0,14.8,48.1,1884,36273,34720,-4.3,36.1,402,0,3250,9120,0.0,0.0,0.0,26.5,0.0,2497,14.3
TX,Hall County,23.6,23.6,5.4,14.1,71.8,192,522,9.7,74,1.5,0.4,7.5,34.4,0.1,1.1,89.4,57.5,67.4,1177,1936,42700,2.76,5.5,33006,19004,23.8,0,12.4,883.49,21.6,89.0,0,15.7,51.2,231,3353,3147,-6.1,3.8,18,0,232,6817,0.0,0.0,0.0,0.0,0.0,119,0.0
TX,Hamilton County,25.8,20.8,5.2,17.8,81.7,726,1936,-7.4,209,1.8,0.6,1.0,11.3,0.1,1.0,95.5,86.1,73.4,3029,4561,91500,2.68,6.7,40655,23067,12.6,1,3.0,835.91,7.6,84.6,0,21.5,50.9,710,8517,8199,-3.7,10.2,60,447,785,9734,0.0,0.0,0.0,0.0,0.0,1074,0.0
TX,Hansford County,14.5,29.0,6.9,21.8,76.4,505,1515,25.5,154,1.7,0.3,1.0,45.4,0.0,0.9,96.1,52.7,76.7,1983,2332,72900,2.77,5.8,49150,23969,17.0,17,16.4,919.81,35.1,84.9,0,16.8,49.3,268,5613,5509,-1.9,6.1,31,892,600,11548,0.0,0.0,0.0,0.0,0.0,0,0.0
TX,Hardeman County,19.8,23.6,6.3,18.6,80.2,260,718,-3.0,84,1.0,0.7,6.1,22.8,0.0,2.3,89.9,68.9,69.6,1745,2404,46800,2.32,9.6,36377,19829,26.6,0,3.6,695.11,11.3,83.3,0,15.1,49.1,318,4139,3928,-5.1,6.0,33,186,222,5387,0.0,0.0,0.0,0.0,0.0,228,0.0
TX,Hardin County,15.2,24.8,6.4,15.6,86.3,3523,8945,-1.9,806,0.5,0.7,5.7,5.6,0.0,1.2,91.9,86.8,78.5,20633,23480,100400,2.64,5.9,53013,25559,10.9,117,1.5,890.57,3.6,88.1,0,27.8,50.6,4159,54635,55621,1.8,61.3,372,359,6123,11835,0.0,0.0,0.0,0.0,0.0,3909,0.0
TX,Harris County,9.2,27.1,7.7,28.4,78.7,367449,1971437,4.7,95376,1.1,7.0,19.5,41.8,0.1,1.7,70.5,31.4,56.5,1434694,1682870,131400,2.89,35.8,53137,27899,18.5,40060,25.0,1703.48,42.5,82.1,1692751,27.4,50.2,181514,4092459,4441370,8.5,2402.4,78747,2054787,518990,13276,0.9,9.9,12.7,23.0,0.1,370841,29.2
TX,Harrison County,14.9,24.9,6.6,17.8,84.6,4348,20657,-2.4,1322,1.2,0.7,22.5,12.3,0.1,1.6,73.9,63.2,73.3,23415,28021,108700,2.76,7.4,45675,23236,16.0,79,5.3,899.95,9.9,85.5,15643,22.4,51.1,4799,65631,67336,2.6,72.9,640,3035,6039,9541,0.0,1.2,8.7,0.0,0.0,6190,27.1
TX,Hartley County,14.6,21.1,5.3,20.6,80.9,336,1209,6.4,119,0.7,0.7,7.5,26.3,0.0,0.9,90.1,64.6,66.1,1748,1987,143700,2.61,9.2,65750,24566,8.6,0,8.6,1462.03,18.4,81.7,0,12.8,38.3,472,6062,6089,0.4,4.1,10,418,340,6549,0.0,0.0,0.0,0.0,0.0,0,0.0
TX,Haskell County,21.7,20.1,5.1,12.2,74.3,437,1124,1.4,146,1.0,0.7,4.6,25.5,0.0,2.0,91.8,68.3,74.0,2425,3440,45200,2.17,5.3,36857,22223,18.9,2,10.1,903.13,18.9,80.2,0,15.1,47.1,356,5899,5769,-2.2,6.5,46,0,592,11504,0.0,0.0,0.0,0.0,0.0,478,0.0
TX,Hays County,10.0,23.6,6.0,36.7,89.3,13750,44874,3.9,3545,1.2,1.5,4.1,37.0,0.2,2.0,90.9,56.2,66.8,56459,70731,175600,2.77,22.3,58651,26873,17.0,2305,7.3,677.98,23.0,78.3,10818,29.3,50.2,10834,157107,185025,17.8,231.7,2353,4511,19546,13765,1.1,0.9,1.8,18.1,0.0,14240,26.2
TX,Hemphill County,12.5,31.6,8.7,19.6,79.3,380,1710,2.7,172,1.2,0.8,0.7,32.3,0.1,0.9,96.3,65.0,74.7,1440,1683,97800,2.71,5.1,56379,29544,11.7,6,11.9,906.29,23.3,90.0,0,17.2,49.2,213,3807,4180,9.8,4.2,40,634,392,11855,0.0,0.0,0.0,0.0,0.0,480,0.0
TX,Henderson County,20.8,22.0,5.5,14.4,80.7,6009,12921,1.6,1274,0.8,0.7,6.7,12.0,0.1,1.7,90.1,79.1,74.8,29732,39973,87800,2.6,6.6,40900,21995,18.9,68,5.8,873.75,8.8,84.6,2019,29.2,51.2,7497,78532,79290,1.0,89.9,631,0,6573,8341,0.0,0.0,0.0,0.0,0.0,6660,0.0
TX,Hidalgo County,10.4,33.6,9.7,15.9,61.8,66167,178553,1.9,11678,0.5,1.1,0.9,91.2,0.0,0.4,97.0,7.1,68.4,217691,261184,78100,3.6,16.3,34146,14222,34.8,3473,29.3,1570.87,84.9,87.2,15032,21.6,51.2,23155,774769,831073,7.3,493.2,7579,43011,78988,11254,1.1,1.8,0.0,68.8,0.0,65497,30.6
TX,Hill County,20.1,23.9,6.0,14.8,78.7,2250,7148,7.0,626,0.9,0.5,6.9,20.1,0.1,1.6,90.1,71.5,72.1,13395,16132,83400,2.54,6.6,40769,21182,17.0,6,7.5,958.86,15.9,86.1,1535,29.5,50.9,2994,35089,34848,-0.7,36.6,442,416,4002,11364,0.0,0.0,0.0,7.1,0.0,2855,26.3
TX,Hockley County,13.5,26.9,7.4,17.4,77.3,1297,7038,3.7,517,1.5,0.5,4.4,46.7,0.0,1.3,92.3,48.0,69.7,7973,9291,79300,2.81,8.5,50565,21984,15.7,15,7.4,908.39,31.4,80.0,0,19.5,50.6,1163,22935,23577,2.8,25.2,197,0,2016,9075,0.0,0.0,0.0,0.0,0.0,1930,22.0
TX,Hood County,24.1,20.6,5.2,24.1,87.1,4968,12439,1.7,1211,1.0,0.6,0.8,11.5,0.1,1.3,96.2,85.4,77.4,20758,25506,150900,2.46,8.1,55754,30046,12.1,121,5.4,420.64,9.7,85.1,0,32.7,50.9,6011,51182,53921,5.4,121.7,619,955,7300,14785,0.0,0.0,0.0,0.0,0.0,5655,29.7
TX,Hopkins County,17.2,25.2,6.7,15.7,80.2,2639,10113,-0.4,751,1.0,0.7,7.5,16.2,0.1,1.8,89.0,74.2,72.5,13303,15221,94000,2.6,9.7,43657,21606,19.3,8,8.3,767.17,15.2,85.5,9231,21.0,50.7,2731,35161,35921,2.2,45.8,291,0,4477,13159,0.0,0.0,0.0,0.0,0.0,3182,20.9
TX,Houston County,20.6,19.7,5.1,14.8,80.6,1329,3538,-2.0,354,0.7,0.6,25.8,10.9,0.0,1.1,71.9,62.0,71.2,7889,11548,74300,2.64,7.5,33119,19090,19.7,5,4.0,1230.91,8.9,86.5,2653,24.9,47.1,2109,23732,22741,-4.2,19.3,186,390,1592,7027,0.0,0.0,0.0,0.0,0.0,1597,23.5
TX,Howard County,12.3,21.9,6.0,12.1,74.1,1600,9370,3.1,697,1.6,1.2,7.0,40.3,0.1,1.6,88.5,51.0,67.8,11010,13117,65900,2.69,13.2,45612,19965,15.3,33,10.6,900.79,28.4,79.2,24495,16.2,43.1,2843,35012,36651,4.7,38.9,425,884,3412,10608,0.0,0.0,0.0,9.0,0.0,2148,25.2
TX,Hudspeth County,17.2,24.5,6.4,10.1,54.0,238,250,-1.2,33,1.4,1.1,1.8,78.2,0.0,1.3,94.4,19.1,82.3,1096,1529,41400,2.92,3.1,22545,14142,44.1,0,33.4,4570.98,78.9,87.9,0,25.3,49.3,184,3476,3211,-7.6,0.8,19,0,124,3898,0.0,0.0,0.0,0.0,0.0,0,0.0
TX,Hunt County,15.4,23.9,6.2,16.6,81.8,6037,21394,0.4,1366,1.1,1.4,8.4,14.9,0.2,1.9,87.0,73.4,69.8,30756,36909,93500,2.73,16.0,44858,22341,19.9,66,6.6,840.32,13.2,81.6,31344,28.8,50.6,8001,86129,88493,2.7,102.5,0,2634,9312,11302,0.0,0.0,2.8,0.0,0.0,6300,30.3
TX,Hutchinson County,14.7,26.4,7.3,13.5,83.4,1107,6409,-3.2,483,2.1,0.6,3.0,22.3,0.1,2.2,92.0,71.4,78.0,8374,10585,63300,2.59,9.5,44731,23383,15.8,0,6.2,887.42,15.6,87.7,0,19.7,50.0,1901,22150,21773,-2.1,25.0,211,0,2108,9707,0.0,0.0,0.0,0.0,0.0,1524,0.0
TX,Irion County,18.3,22.2,6.4,13.0,82.5,199,616,43.6,58,0.8,0.4,1.5,27.5,0.0,2.3,95.0,68.5,75.4,654,856,76100,2.45,0.0,50357,28055,8.7,0,1.9,1051.56,15.2,86.5,0,22.8,48.2,187,1599,1574,-1.6,1.5,0,0,0,0,0.0,0.0,0.0,0.0,0.0,0,0.0
TX,Jack County,16.3,21.7,6.0,10.7,81.6,754,2284,-11.6,227,1.0,0.6,4.2,16.3,0.1,0.9,93.1,77.9,77.4,2972,4109,76700,2.62,5.0,49038,24325,16.7,5,5.0,910.66,11.9,78.5,0,27.7,44.1,755,9044,8855,-2.1,9.9,64,1122,341,3926,0.0,0.0,0.0,0.0,0.0,1370,0.0
TX,Jackson County,16.7,26.1,6.9,17.9,80.6,1005,4557,9.4,298,0.8,0.7,7.2,31.4,0.0,1.5,89.7,60.0,77.7,5212,6591,84400,2.69,8.2,49528,23418,12.7,18,6.2,829.44,20.9,88.6,0,23.7,50.1,941,14075,14739,4.7,17.0,98,669,1334,9533,0.0,0.0,0.0,0.0,0.0,1310,0.0
TX,Jasper County,18.2,24.3,6.7,11.2,83.3,2448,9194,5.7,623,0.7,0.7,16.6,6.6,0.1,1.4,80.6,74.6,78.4,13095,16871,82200,2.66,6.8,40417,20254,17.8,8,3.3,938.85,7.0,88.3,7256,27.9,50.8,3311,35710,35552,-0.4,38.0,325,1233,3710,10809,0.0,0.0,11.4,3.2,0.0,3387,29.4
TX,Jeff Davis County,29.9,12.0,1.9,35.3,81.1,249,382,2.7,56,1.2,0.4,1.9,33.7,0.0,2.0,94.5,62.7,74.7,989,1616,104300,2.27,2.3,49056,26958,7.4,0,15.4,2264.56,44.8,90.4,0,20.5,49.7,259,2342,2204,-5.9,1.0,70,0,71,3227,0.0,0.0,0.0,0.0,0.0,0,0.0
TX,Jefferson County,13.4,23.7,6.8,17.8,82.4,14983,100836,-2.9,5623,1.0,3.9,34.3,18.9,0.1,1.5,59.3,42.5,64.1,92634,107234,96200,2.55,22.2,42568,23236,21.0,1061,10.7,876.3,20.0,84.0,0,19.0,48.8,17635,252273,252235,0.0,287.9,3875,28525,39731,16453,0.4,6.7,19.8,6.6,0.0,17642,28.8
TX,Jim Hogg County,15.8,30.0,9.0,10.9,66.1,392,1369,-1.2,95,0.6,0.7,0.8,91.6,0.0,0.7,97.2,6.7,76.7,1805,2445,50700,2.9,8.5,36121,19212,14.0,0,11.7,1136.14,81.9,86.8,0,27.9,49.8,304,5300,5255,-0.8,4.7,36,0,616,12577,0.0,0.0,0.0,0.0,0.0,0,0.0
TX,Jim Wells County,14.1,28.2,8.1,11.1,70.5,2901,16131,-3.0,940,1.1,0.6,1.0,79.7,0.1,0.8,96.5,18.7,72.7,13728,16220,69000,2.96,9.0,40585,20452,21.7,26,4.5,864.97,50.2,86.1,0,24.2,50.6,2183,40838,41353,1.3,47.2,460,1933,4623,11263,0.0,0.0,0.0,0.0,0.0,3523,23.0
TX,Johnson County,13.2,26.4,6.5,16.7,83.1,11416,35000,1.2,2631,1.0,0.9,3.2,20.0,0.5,1.7,92.7,74.0,75.4,52044,59037,113900,2.87,9.2,57535,24816,12.0,960,7.0,724.69,14.9,86.0,14413,29.9,50.0,10784,150934,157456,4.3,208.3,1263,5362,12696,8490,0.6,0.0,3.0,6.9,0.0,13199,23.4
TX,Jones County,14.4,17.8,4.8,8.9,72.4,1195,2571,0.5,279,1.3,0.7,13.4,27.1,0.0,1.4,83.2,59.0,80.2,5641,7402,61500,2.33,3.6,41297,14827,18.5,1,3.7,928.55,19.3,77.9,0,23.4,37.1,1808,20202,19936,-1.3,21.8,46,3789,1633,8527,0.0,0.0,0.0,0.0,0.0,1607,17.6
TX,Karnes County,14.5,21.2,5.8,11.2,70.8,970,3634,17.9,303,1.1,0.4,8.7,52.5,0.0,0.8,89.0,38.5,72.3,4497,5813,75000,2.54,9.5,42862,19899,23.3,78,5.7,747.56,34.7,83.0,0,21.7,41.7,1196,14824,14906,0.6,19.8,86,406,1018,6766,0.0,0.0,0.0,0.0,0.0,1150,0.0
TX,Kaufman County,11.8,27.6,6.9,17.6,82.5,9203,21734,3.4,1703,1.0,1.0,10.7,19.4,0.1,1.8,85.4,67.5,77.8,34922,39192,129500,2.97,7.3,61194,24954,13.3,219,7.3,780.7,15.5,83.7,11725,31.8,50.8,6981,103350,111236,7.6,132.4,936,4431,9438,9770,0.9,0.0,0.0,0.0,0.0,10231,27.2
TX,Kendall County,19.1,23.4,4.9,39.7,90.0,4656,10932,3.9,1112,0.7,1.0,1.1,22.4,0.1,1.5,95.7,74.4,74.5,12760,15011,274400,2.7,11.5,73410,35827,9.3,380,8.3,662.45,17.6,84.8,1809,26.7,51.2,3749,33410,38880,16.4,50.4,557,2853,8080,25877,0.0,0.0,1.1,7.8,0.0,5224,28.0
TX,Kenedy County,15.3,25.5,7.3,10.6,65.3,16,107,1.9,13,1.5,0.5,4.3,74.0,0.0,0.3,93.5,21.3,28.9,159,233,56200,3.28,11.0,43438,15157,32.8,0,17.4,1458.33,30.5,99.8,0,17.7,48.3,30,416,400,-3.8,0.3,0,0,0,0,0.0,0.0,0.0,0.0,0.0,0,0.0
TX,Kent County,26.9,21.5,3.4,23.1,83.4,64,0,0.0,17,1.3,0.0,1.1,18.1,0.1,2.0,95.4,78.2,74.8,401,552,64300,2.15,0.0,46875,24839,8.6,0,3.4,902.51,6.7,80.3,0,10.5,50.7,60,808,785,-2.8,0.9,0,0,0,0,0.0,0.0,0.0,0.0,0.0,91,0.0
TX,Kerr County,26.8,19.4,5.1,28.2,87.4,5077,15135,0.8,1383,1.1,1.0,2.0,25.6,0.1,1.7,94.0,70.2,68.8,20357,24001,150700,2.35,13.3,43601,26334,14.9,91,6.3,1103.32,17.9,81.9,1617,19.6,51.8,6283,49625,50562,1.9,45.0,975,0,7198,15159,0.0,0.0,0.0,8.9,0.0,6312,23.2
TX,Kimble County,26.5,19.0,4.9,17.6,79.1,590,905,8.3,134,1.1,0.7,0.5,25.5,0.1,0.8,96.8,72.3,74.5,1895,3369,85100,2.37,5.6,43424,27502,19.5,5,7.0,1250.99,21.0,86.5,0,16.5,50.7,410,4607,4438,-3.7,3.7,81,1,786,17777,0.0,0.0,0.0,0.0,0.0,539,26.9
TX,King County,17.6,20.6,7.6,20.5,81.7,0,0,0.0,0,1.5,0.0,0.0,17.2,0.0,3.1,95.4,79.0,42.1,126,186,91000,2.53,6.5,65000,29836,5.9,0,17.1,910.87,23.6,90.6,0,11.2,50.4,6,286,262,-8.4,0.3,0,0,0,0,0.0,0.0,0.0,0.0,0.0,0,0.0
TX,Kinney County,25.3,19.1,4.5,14.6,68.9,184,367,6.4,38,1.2,0.6,1.8,56.5,0.2,1.7,94.4,40.6,82.0,1195,1939,65800,2.81,9.2,33257,16700,25.7,1,15.3,1360.06,58.1,81.6,0,21.8,43.9,497,3598,3526,-2.0,2.6,10,0,80,2430,0.0,0.0,0.0,0.0,0.0,217,18.9
TX,Kleberg County,12.4,24.5,7.3,23.6,74.1,1517,7685,7.0,567,0.8,2.4,4.4,71.7,0.2,1.5,90.8,21.6,57.1,11241,13249,74500,2.68,20.2,40566,18918,24.5,36,7.4,881.31,49.5,80.3,0,16.5,48.8,2247,32061,32190,0.4,36.4,432,0,6570,21446,0.0,0.0,0.0,45.0,0.0,2053,0.0
TX,Knox County,20.7,26.1,7.5,12.5,78.6,249,707,-4.3,98,1.3,0.2,6.1,33.6,0.1,2.0,90.4,59.3,65.9,1557,2044,40900,2.31,8.7,34295,19396,20.8,0,7.9,850.62,21.6,84.9,0,14.6,50.3,279,3719,3858,3.7,4.4,14,416,343,9896,0.0,0.0,0.0,0.0,0.0,368,0.0
TX,Lamar County,18.4,23.7,6.5,16.5,83.1,3748,15563,-6.7,1187,1.7,0.7,13.5,7.5,0.0,2.7,81.4,74.8,65.2,19416,22582,85300,2.5,14.4,40104,21468,19.1,43,4.2,907.19,7.3,81.4,24116,19.9,51.7,3800,49793,49523,-0.5,54.9,610,0,6375,13019,0.0,0.0,0.0,0.0,0.0,5469,31.5
TX,Lamb County,16.3,28.3,8.3,14.0,70.2,716,2536,-1.8,245,1.8,0.4,5.1,54.0,0.1,1.7,91.0,40.3,71.4,4803,6102,56900,2.85,8.0,36727,18744,22.1,7,9.8,1016.18,36.9,83.1,0,14.5,50.0,597,13977,13574,-2.9,13.8,69,842,957,6933,0.0,0.0,0.0,0.0,0.0,1038,15.9
TX,Lampasas County,18.0,23.4,5.9,19.8,86.0,1376,3613,1.9,386,1.2,1.3,4.1,18.9,0.3,2.9,90.2,73.1,74.9,7289,9001,129100,2.68,6.3,49277,23423,16.9,236,7.1,712.84,14.8,83.2,0,28.4,50.8,3231,19677,20156,2.4,27.6,161,115,2071,10008,0.0,0.0,0.0,0.0,0.0,1639,29.0
TX,La Salle County,13.2,20.7,6.7,5.1,52.9,592,1856,6.7,125,0.8,0.5,1.1,84.4,0.0,0.8,96.8,13.9,71.1,1864,2878,48200,3.29,13.6,26756,13307,21.7,24,7.7,1486.69,62.4,82.5,0,27.6,41.3,267,6886,7474,8.5,4.6,53,0,798,13480,0.0,0.0,0.0,34.7,0.0,424,30.2
TX,Lavaca County,21.9,23.6,6.0,16.3,79.2,1705,5370,-0.7,486,0.6,0.4,7.0,17.7,0.1,1.2,90.7,74.5,79.5,7711,10362,92800,2.45,4.1,44149,24299,8.3,11,6.0,969.71,18.1,89.7,2382,27.2,51.3,1280,19263,19721,2.4,19.9,90,2211,1720,9224,0.0,0.0,0.0,0.0,0.0,1762,27.7
TX,Lee County,17.7,22.6,5.7,15.7,81.6,1296,5426,15.4,421,1.1,0.5,11.3,22.9,0.2,1.4,85.5,64.2,76.7,6078,7599,118400,2.63,5.5,51534,25123,12.4,3,7.2,629.02,18.4,84.2,1284,27.4,49.7,1392,16612,16742,0.8,26.4,132,581,1625,10056,0.0,0.0,0.0,0.0,0.0,1826,14.0
TX,Leon County,23.4,22.3,6.7,14.8,82.9,1444,4251,-0.2,362,0.8,0.8,7.5,14.2,0.0,1.4,89.5,76.3,83.9,6349,9537,90300,2.63,3.1,44452,24170,17.7,0,5.6,1073.15,10.0,90.0,0,24.3,50.4,1862,16801,16861,0.4,15.7,131,923,1598,9761,0.0,0.0,0.0,0.0,0.0,1647,0.0
TX,Liberty County,12.7,25.1,6.8,8.8,75.1,4662,12382,4.5,1031,1.0,0.7,10.9,20.7,0.1,1.6,85.7,66.5,78.1,24844,29505,84400,2.82,5.3,47228,19740,18.4,300,6.8,1158.42,16.6,80.5,0,34.1,50.8,5416,75643,78117,3.3,65.3,488,1515,6530,8729,0.0,0.0,0.0,9.0,0.0,5296,0.0
TX,Limestone County,17.5,23.1,6.3,12.4,79.3,1326,5460,4.1,407,1.1,0.6,18.1,20.8,0.1,1.6,78.5,59.6,75.2,7929,10555,83200,2.72,6.5,38823,19352,21.5,4,9.5,905.29,17.5,85.4,2108,20.8,48.1,1809,23384,23524,0.6,25.8,182,274,2683,11976,0.0,0.0,0.0,0.0,0.0,1648,39.5
TX,Lipscomb County,14.4,26.7,6.2,21.5,81.6,318,872,-2.8,95,2.1,0.5,1.8,31.6,0.2,2.3,93.2,64.5,70.9,1115,1510,89400,2.99,7.1,57978,29017,10.9,6,12.9,932.18,23.7,84.0,0,19.4,48.8,235,3302,3553,7.6,3.5,0,471,244,8169,0.0,0.0,0.0,0.0,0.0,318,0.0
TX,Live Oak County,19.8,20.0,4.9,14.3,79.6,1025,3996,0.0,283,1.2,0.7,4.9,37.5,0.0,0.9,92.3,56.3,81.8,3882,6106,85500,2.58,2.9,42829,21016,17.1,12,5.1,1039.7,28.4,88.4,0,27.3,46.2,1218,11531,12091,4.9,11.1,116,252,1127,9981,0.0,0.0,0.0,0.0,0.0,1191,0.0
TX,Llano County,33.9,15.5,4.3,25.4,86.7,2037,3529,7.1,434,0.9,0.6,1.3,9.8,0.0,1.2,96.0,87.1,78.0,8519,14734,159000,2.23,14.1,44094,33634,14.1,202,2.7,934.03,6.3,86.8,0,23.7,51.7,2750,19301,19510,1.1,20.7,610,948,1130,6183,0.0,0.0,0.0,0.0,0.0,2875,0.0
TX,Loving County,15.1,30.2,9.3,7.9,89.5,12,0,0.0,2,3.5,0.0,0.0,20.9,0.0,0.0,96.5,75.6,48.5,33,50,86000,2.64,4.8,68750,34068,12.0,0,0.0,668.93,0.0,83.9,0,24.5,41.9,2,82,86,4.9,0.1,0,0,0,0,0.0,0.0,0.0,0.0,0.0,0,0.0
TX,Lubbock County,11.8,24.2,6.8,27.9,84.4,19619,107329,1.6,6918,1.1,2.3,7.8,34.0,0.1,1.7,87.0,55.2,58.5,105277,121098,108700,2.57,24.5,44397,23773,20.4,2128,5.6,895.6,21.8,75.1,0,16.0,50.6,15832,278831,293974,5.4,311.3,0,37074,39248,14929,0.7,2.0,2.1,12.8,0.0,23670,23.1
TX,Lynn County,15.8,27.3,7.1,17.7,76.1,352,632,-1.6,85,1.9,0.3,2.5,47.7,0.0,1.9,93.4,48.8,71.4,2179,2675,70200,2.63,6.6,44375,21639,20.2,3,7.4,891.87,34.8,86.6,0,19.7,49.6,260,5915,5771,-2.4,6.6,7,0,197,3415,0.0,0.0,0.0,0.0,0.0,0,0.0
TX,McCulloch County,21.7,23.4,6.2,15.0,77.1,713,2489,-1.1,217,1.0,0.6,2.8,31.1,0.0,1.2,94.4,65.2,76.7,2967,4282,69300,2.75,7.8,39194,20677,16.6,0,6.2,1065.6,19.3,84.7,0,17.5,50.2,585,8283,8199,-1.0,7.8,87,311,1042,13357,0.0,0.0,0.0,0.0,0.0,1150,0.0
TX,McLennan County,13.4,24.8,7.1,21.7,82.3,13846,96751,3.1,5022,1.1,1.6,15.1,25.2,0.1,1.8,80.3,57.3,59.6,84862,97280,108300,2.69,23.6,41922,21660,22.0,1468,8.3,1037.1,19.3,80.1,58889,18.8,51.2,16215,234906,243441,3.6,226.5,3752,46062,29425,12892,0.7,1.6,5.1,8.9,0.0,16888,28.4
TX,McMullen County,22.9,20.5,4.1,6.8,67.0,111,424,35.5,36,0.5,0.5,1.4,37.8,0.0,2.6,95.0,59.4,81.1,254,486,63200,2.43,1.3,39500,27375,19.2,0,10.6,1139.43,52.5,91.2,0,12.4,48.8,47,707,805,13.9,0.6,0,0,0,0,0.0,0.0,0.0,0.0,0.0,87,0.0
TX,Madison County,14.7,21.5,5.7,12.5,78.8,960,2826,17.0,224,1.1,0.8,20.3,22.2,0.0,1.7,76.0,56.0,71.7,3743,5182,94200,2.72,4.3,41732,15131,25.2,4,5.9,466.07,18.3,86.8,0,26.7,42.0,874,13664,13861,1.4,29.3,131,319,1788,13503,0.0,0.0,0.0,0.0,0.0,0,0.0
TX,Marion County,23.6,18.4,4.5,12.2,81.0,715,1357,7.1,154,1.1,0.7,22.2,4.1,0.0,2.0,73.9,70.7,74.9,4563,6245,72900,2.26,5.0,31967,20337,23.2,2,1.4,380.88,4.8,89.4,0,29.5,51.1,1205,10546,10149,-3.7,27.7,57,55,663,6230,0.0,0.0,0.0,0.0,0.0,824,0.0
TX,Martin County,12.2,30.2,8.9,10.9,70.1,383,1104,9.9,99,1.3,0.3,2.3,45.6,0.1,1.2,94.7,51.1,74.8,1555,1863,72200,3.13,4.5,42607,20859,15.8,3,11.8,914.94,29.4,85.2,0,18.2,50.2,236,4799,5460,13.8,5.2,0,244,453,10274,0.0,0.0,0.0,0.0,0.0,0,0.0
TX,Mason County,27.4,20.1,4.1,26.5,82.0,566,828,0.2,134,0.6,0.2,1.0,23.8,0.2,0.9,96.9,74.3,83.0,1699,2747,170100,2.37,2.8,46865,27504,13.6,4,8.3,928.8,17.0,90.1,0,17.9,50.3,414,4012,4071,1.5,4.3,36,413,289,7426,0.0,0.0,0.0,0.0,0.0,827,0.0
TX,Matagorda County,15.8,25.5,7.1,14.5,78.1,2561,7902,-6.4,730,1.3,2.2,11.5,40.4,0.1,1.4,83.5,45.7,70.2,13260,19013,92000,2.72,13.7,43096,23389,21.1,222,10.7,1100.28,28.0,90.7,0,22.7,50.2,2636,36702,36519,-0.5,33.4,388,0,3139,8547,0.0,0.0,0.0,0.0,0.0,2943,23.0
TX,Maverick County,11.4,31.9,9.0,12.2,56.6,4427,11360,-0.3,771,1.5,0.5,0.6,95.1,0.0,0.4,96.9,3.1,71.1,15714,18034,86300,3.45,15.7,31395,13668,30.5,99,34.9,1279.26,94.2,89.2,0,20.3,50.6,1159,54258,57023,5.1,42.4,485,0,5047,9897,0.0,0.0,0.0,78.0,0.0,4417,0.0
TX,Medina County,15.5,23.9,5.5,20.0,80.5,3142,6548,6.9,687,1.0,0.9,2.8,50.9,0.1,1.2,93.9,44.9,78.1,15284,18080,112900,2.86,5.6,55326,22413,17.7,49,5.5,1325.36,34.0,89.4,753,29.7,48.4,4392,46006,47894,4.1,34.7,297,1899,3600,8231,0.0,0.0,0.0,28.6,0.0,3877,0.0
TX,Menard County,30.1,17.6,4.8,18.8,75.3,263,0,0.0,39,1.4,0.3,1.7,35.4,0.1,0.6,95.9,62.2,72.1,871,1702,56400,2.49,2.7,31215,18253,23.5,0,4.9,902.03,27.6,81.3,0,20.6,50.0,277,2242,2147,-4.2,2.5,0,66,163,7758,0.0,0.0,0.0,0.0,0.0,0,0.0
TX,Midland County,10.2,27.6,8.4,24.4,81.8,14947,79755,8.5,4977,1.1,1.6,6.8,42.4,0.1,1.5,88.9,48.6,67.7,50644,57999,148600,2.78,23.1,62993,33672,10.4,1553,8.7,900.3,30.0,81.5,5338,18.8,49.8,8820,136872,155830,13.8,152.0,2591,24116,22767,18058,0.0,3.1,2.5,16.0,0.0,16151,24.0
TX,Milam County,19.4,24.8,6.3,14.4,81.2,1568,4168,-0.6,398,1.2,0.7,10.0,25.5,0.0,1.3,86.7,63.2,68.4,9330,11374,78400,2.58,7.0,37391,21248,19.2,10,4.6,1016.93,15.1,85.9,0,25.8,50.3,1921,24757,24256,-2.0,24.3,176,873,1813,7334,0.0,0.0,0.0,0.0,0.0,1834,26.9
TX,Mills County,25.2,22.4,4.9,21.9,81.5,426,876,3.5,109,0.9,0.2,1.1,17.3,0.0,1.2,96.5,80.3,80.1,1817,2849,104100,2.59,2.7,44213,22651,13.1,0,7.3,748.26,11.5,94.4,0,17.5,51.0,411,4936,4870,-1.3,6.6,20,0,703,14123,0.0,0.0,0.0,0.0,0.0,661,0.0
TX,Mitchell County,13.8,20.0,5.3,8.3,75.3,458,1601,5.7,143,1.5,0.7,11.9,39.2,0.1,1.7,84.1,48.5,74.6,2748,4049,45800,2.53,5.7,42045,15936,11.7,5,6.4,911.09,26.6,74.6,0,22.5,39.9,625,9403,9076,-3.5,10.3,36,33,557,6003,0.0,0.0,0.0,0.0,0.0,0,0.0
TX,Montague County,21.5,23.0,6.0,16.6,82.0,1886,4722,4.3,420,1.4,0.4,0.8,10.5,0.0,1.4,96.0,86.5,75.6,8038,10154,86000,2.41,9.0,44231,24699,15.6,0,4.6,930.91,9.1,85.2,0,25.5,50.8,1847,19719,19416,-1.5,21.2,109,385,2136,10894,0.0,0.0,0.0,0.0,0.0,2204,31.5
TX,Montgomery County,12.0,26.8,6.8,30.7,86.3,41229,136265,6.3,9945,1.0,2.7,4.9,22.5,0.1,1.7,89.6,68.6,72.9,163462,195381,166200,2.87,15.5,67766,32911,12.4,7145,12.9,1041.74,19.2,83.5,36670,31.7,50.5,32099,455746,518947,13.9,437.5,7285,63993,52600,12748,0.0,2.1,0.0,9.7,0.0,40269,25.9
TX,Moore County,10.2,31.3,9.5,13.2,67.5,1013,8332,0.7,460,1.5,8.6,3.0,52.8,0.2,1.2,85.5,34.9,72.8,6820,7983,85600,3.2,12.6,51181,19770,15.4,16,28.3,899.69,54.1,80.6,0,16.4,47.9,582,21904,22148,1.1,24.3,229,0,2178,10995,0.0,0.0,0.0,26.0,0.0,1437,0.0
TX,Morris County,21.0,22.9,6.3,13.1,82.0,797,4183,-3.8,235,1.2,0.5,23.0,9.1,0.1,2.0,73.1,65.1,74.2,4949,6020,69900,2.56,7.3,37849,20045,20.6,1,4.3,251.99,7.6,84.4,11404,23.1,52.0,1204,12934,12743,-1.5,51.3,88,1389,703,5402,3.6,0.0,7.4,0.0,0.0,1102,36.9
TX,Motley County,28.4,19.9,3.7,18.1,86.8,124,130,0.0,27,1.7,0.9,2.1,16.5,0.0,0.2,95.1,79.9,66.3,433,779,59800,2.73,3.0,35845,18828,25.5,0,2.5,989.56,10.5,83.5,0,17.8,48.4,74,1210,1153,-4.7,1.2,3,0,52,4085,0.0,0.0,0.0,0.0,0.0,257,0.0
TX,Nacogdoches County,13.1,23.5,7.2,24.3,80.5,3830,17763,2.9,1301,0.9,1.7,18.3,18.5,0.1,1.7,77.3,60.3,58.1,23586,27960,101700,2.52,20.1,36777,20362,25.7,68,9.2,946.54,16.2,77.3,14188,18.7,52.3,3412,64524,65301,1.2,68.2,878,0,6912,11048,0.0,0.0,8.1,3.4,0.0,4826,19.1
TX,Navarro County,16.2,26.2,7.3,16.5,78.6,3141,13346,4.8,940,1.1,0.8,14.0,25.6,0.9,1.7,81.5,58.0,67.8,17466,20459,79500,2.68,11.1,40795,20327,21.1,23,11.3,1009.63,20.5,85.1,7585,24.2,50.5,3124,47735,48195,0.8,47.3,426,2857,4717,9664,0.0,0.8,3.1,0.0,0.0,3311,32.2
TX,Newton County,17.7,21.7,5.6,7.5,85.1,626,1115,-2.0,130,0.8,0.7,20.1,3.6,0.0,1.5,76.9,73.8,76.8,4865,7157,77500,2.87,2.4,37246,20431,16.1,0,2.3,933.68,3.8,89.2,0,33.7,48.4,1518,14445,14138,-2.1,15.5,18,99,509,3704,0.0,0.0,0.0,0.0,0.0,842,0.0
TX,Nolan County,16.9,25.8,6.6,12.5,78.7,985,4277,1.0,339,1.0,0.7,5.2,36.0,0.0,1.5,91.6,57.7,69.7,5527,7112,52200,2.65,12.1,36806,19002,18.5,0,4.5,912.0,22.1,84.4,2248,17.0,49.7,1008,15216,15093,-0.8,16.7,168,0,1796,12325,0.0,0.0,0.0,0.0,0.0,940,0.0
TX,Nueces County,13.0,25.3,6.8,20.0,79.8,22777,133037,0.6,7868,0.8,2.0,4.4,62.4,0.1,1.4,91.2,30.9,58.6,123915,145670,110300,2.72,27.5,47057,23671,18.4,2452,7.7,838.48,40.2,80.1,0,19.7,50.7,28867,340223,356221,4.7,405.8,6619,29785,43144,13529,0.8,1.9,2.4,35.0,0.0,29355,25.3
TX,Ochiltree County,10.3,31.5,8.9,15.3,69.5,785,4176,0.7,374,1.4,0.8,1.0,51.5,0.0,1.3,95.4,45.8,70.0,3736,4057,80100,2.78,9.8,49964,23382,17.3,7,21.8,917.63,42.7,83.6,0,17.8,49.1,500,10223,10758,5.2,11.1,91,1391,974,10288,0.0,0.0,0.0,0.0,0.0,1073,0.0
TX,Oldham County,13.9,28.1,4.0,31.3,87.3,169,505,-6.3,38,1.1,1.2,3.6,14.6,0.0,1.8,92.3,78.6,72.6,748,846,83700,2.35,4.9,48929,22519,14.2,0,3.5,1500.53,10.4,88.2,0,17.6,48.9,83,2052,2070,0.9,1.4,29,0,167,8118,0.0,0.0,0.0,0.0,0.0,114,0.0
TX,Orange County,15.1,24.7,6.7,13.0,86.2,4665,19530,1.8,1361,0.7,1.1,8.8,6.9,0.1,1.5,87.8,81.6,76.0,31162,36080,91900,2.62,9.1,49507,24736,14.4,428,2.2,333.67,5.3,85.8,0,22.9,50.5,6481,81837,83433,2.0,245.3,852,1143,8519,10328,0.0,0.0,6.1,0.0,0.0,6682,26.8
TX,Palo Pinto County,18.2,24.2,6.6,15.1,79.4,2076,6702,3.3,627,1.0,0.7,2.5,19.8,0.1,1.5,94.2,75.5,71.6,10491,15311,85200,2.64,10.5,41670,23655,18.5,5,6.2,951.79,12.9,85.9,3071,23.7,50.9,2430,28111,28096,-0.1,29.5,448,0,2726,9972,0.0,0.0,0.0,0.0,0.0,2948,0.0
TX,Panola County,16.9,24.2,6.4,11.8,83.5,1537,7664,-12.0,487,0.6,0.5,16.0,9.1,0.1,1.7,81.0,73.1,81.4,8873,10972,83900,2.63,2.6,52453,26525,12.7,14,4.1,801.75,6.7,87.4,2640,24.8,50.5,1737,23796,23769,-0.1,29.7,183,800,2219,9638,0.0,0.0,0.0,0.0,0.0,1651,26.8
TX,Parker County,14.8,24.4,5.7,25.0,88.1,11363,26889,3.4,2379,0.9,0.7,1.7,11.4,0.1,1.6,95.1,84.4,79.2,42322,47807,152900,2.72,6.7,64515,30692,10.9,382,4.1,903.48,8.5,86.2,5503,31.0,50.0,10653,116927,123164,5.3,129.4,1103,5242,15178,13971,0.0,0.0,0.0,4.5,0.0,12395,24.0
TX,Parmer County,12.7,29.1,8.2,16.2,62.5,480,3383,11.2,207,2.0,0.5,1.7,62.1,0.3,1.0,94.4,35.9,71.2,3215,3785,86400,3.12,4.7,44943,19304,21.3,13,17.7,880.78,49.4,83.4,0,15.0,48.3,367,10269,9908,-3.5,11.7,18,2249,394,4199,0.0,0.0,0.0,0.0,0.0,718,0.0
TX,Pecos County,12.4,24.5,7.6,12.7,68.7,898,4625,3.0,337,1.1,1.2,4.4,67.6,0.1,1.0,92.2,26.5,65.4,4588,5596,64300,2.89,13.1,47019,20245,16.7,7,14.3,4763.85,52.2,81.8,0,17.0,43.3,825,15507,15893,2.5,3.3,243,1170,1539,9730,0.0,0.0,0.0,0.0,0.0,1211,15.0
TX,Polk County,19.9,20.5,5.6,11.3,76.9,3507,8333,-1.6,712,2.2,0.7,11.4,14.4,0.1,1.4,84.1,71.0,79.6,16980,23934,78600,2.44,3.1,37855,19498,20.2,469,6.4,1057.09,13.3,85.5,985,26.1,46.4,4558,45413,46079,1.5,43.0,333,511,4454,9587,0.0,0.0,0.0,0.0,0.0,4518,28.3
TX,Potter County,11.6,27.6,8.3,15.6,75.7,7985,60849,1.3,3630,1.3,4.8,10.6,37.4,0.1,2.0,81.1,46.3,58.5,42751,49045,85900,2.72,21.0,37951,19861,23.1,853,13.9,908.37,30.6,78.9,0,18.3,48.7,7520,121073,121627,0.5,133.3,3260,20640,24899,20620,1.8,0.0,0.0,17.0,0.0,10506,28.0
TX,Presidio County,21.0,26.0,7.1,23.6,54.7,746,1000,8.1,130,1.6,1.6,1.5,82.7,0.0,0.9,94.3,14.0,71.9,2616,3824,48500,2.88,11.2,29634,16175,24.8,9,30.9,3855.24,87.1,87.6,0,15.7,50.1,374,7818,6976,-10.8,2.0,50,31,425,5616,0.0,0.0,0.0,0.0,0.0,0,0.0
TX,Rains County,23.6,20.2,5.0,11.0,82.2,816,1310,4.5,158,1.1,0.8,2.9,8.2,0.0,1.5,93.6,86.2,81.4,4232,5285,96300,2.57,4.7,44478,21946,13.6,5,4.1,229.45,7.2,86.5,0,32.6,50.0,1375,10914,11032,1.1,47.6,61,0,939,8372,0.0,0.0,0.0,0.0,0.0,0,0.0
TX,Randall County,13.6,24.3,6.6,30.2,91.1,9873,32194,-0.7,2397,0.9,1.7,3.2,19.5,0.1,1.7,92.5,74.3,69.1,48080,53497,141900,2.52,18.3,58529,29124,10.3,62,4.4,911.54,10.8,83.8,0,19.2,50.8,9293,120725,128220,6.2,132.4,1318,0,14655,12995,0.3,0.0,0.0,5.6,0.0,11877,26.7
TX,Reagan County,10.3,30.3,8.4,10.6,61.2,346,1313,18.3,115,1.1,0.7,3.9,65.9,0.0,2.2,92.1,30.2,72.5,1178,1379,66200,2.87,3.0,61250,26633,9.5,19,22.4,1175.3,50.8,86.6,0,17.7,47.7,93,3367,3755,11.5,2.9,22,43,237,7936,0.0,0.0,0.0,0.0,0.0,0,0.0
TX,Real County,28.5,17.3,5.2,19.5,76.6,440,541,-1.1,78,1.9,0.3,0.9,26.7,0.4,1.8,94.7,69.6,76.8,1127,2597,102200,2.89,0.2,33885,17931,20.2,0,2.7,699.2,13.2,82.1,0,20.7,50.6,392,3309,3371,1.9,4.7,36,0,94,3128,0.0,0.0,0.0,0.0,0.0,0,0.0
TX,Red River County,22.8,20.2,5.2,14.5,76.7,862,1375,-6.1,169,1.5,0.3,17.4,7.2,0.0,1.7,79.0,73.1,70.8,5052,6855,69200,2.47,7.7,31712,19014,16.1,8,3.0,1036.58,5.5,84.9,1017,26.6,51.7,1059,12860,12446,-3.2,12.4,0,151,612,4687,0.0,0.0,0.0,0.0,0.0,1116,0.0
TX,Reeves County,12.0,22.5,6.0,10.5,63.2,564,2337,1.4,214,0.9,1.1,5.5,74.4,0.1,0.8,91.6,19.1,75.0,3542,4624,40100,3.31,9.7,40571,15467,21.9,3,17.2,2635.38,62.1,83.3,0,16.8,39.9,603,13783,14349,4.1,5.2,124,0,1132,10197,0.0,0.0,0.0,44.8,0.0,529,18.0
TX,Refugio County,20.7,23.1,6.0,11.2,78.6,498,1744,5.3,150,1.0,0.8,6.7,49.8,0.0,1.5,90.0,42.5,77.6,2818,3718,66300,2.5,4.0,44548,23174,16.2,22,3.8,770.44,27.5,84.0,0,22.4,50.5,601,7383,7302,-1.1,9.6,0,179,619,8465,0.0,0.0,0.0,0.0,0.0,802,0.0
TX,Roberts County,18.6,24.7,4.2,33.2,92.6,76,0,0.0,14,0.3,0.2,0.5,10.9,0.0,2.4,96.6,86.4,90.1,374,439,104600,2.75,0.0,67321,36172,3.0,0,1.4,924.06,3.3,87.1,0,15.6,50.8,35,929,928,-0.1,1.0,0,0,0,0,0.0,0.0,0.0,0.0,0.0,0,0.0
TX,Robertson County,18.5,24.4,6.7,15.8,76.3,1209,2740,8.7,278,0.9,0.8,20.6,19.7,0.1,1.6,76.0,58.3,71.2,5851,8541,77400,2.79,8.8,40601,21709,20.7,9,5.4,855.68,15.3,91.1,0,26.5,50.5,956,16622,16500,-0.7,19.4,151,0,1152,7285,0.0,0.0,0.0,0.0,0.0,1000,29.7
TX,Rockwall County,11.8,27.7,6.1,36.5,91.2,8134,20809,0.6,1885,0.8,2.8,6.1,17.0,0.1,1.8,88.4,72.6,83.6,26820,30626,187800,2.99,7.6,86119,34617,5.9,965,9.5,127.04,15.7,89.3,3012,30.8,51.0,5062,78337,87809,12.1,616.7,1059,0,9462,12797,0.0,0.0,3.8,5.9,0.0,8194,29.8
TX,Runnels County,20.6,24.0,5.5,14.9,77.6,821,2355,2.6,231,1.6,0.7,2.6,33.9,0.1,1.1,93.8,62.3,73.3,3818,5272,59100,2.67,5.1,37667,20235,21.9,4,5.5,1050.95,13.1,94.0,2069,18.1,50.0,877,10501,10416,-0.8,10.0,56,246,1283,12439,0.0,0.0,0.0,0.0,0.0,1245,0.0
TX,Rusk County,15.1,23.2,6.5,13.8,79.8,3057,12017,1.0,834,1.0,0.7,17.7,16.1,0.1,1.6,78.9,64.3,76.0,17772,21366,93000,2.73,6.0,45752,21640,17.8,3,6.4,924.03,13.2,81.8,0,24.1,47.1,4364,53330,53923,1.1,57.7,297,997,3543,7313,0.0,0.0,0.0,0.0,0.0,3256,0.0
TX,Sabine County,28.6,18.6,4.3,13.4,80.3,711,1310,-7.8,171,0.8,0.4,7.5,4.3,0.0,1.5,89.8,86.1,87.2,4161,8009,69300,2.52,1.5,32963,18762,25.8,0,1.7,491.39,5.0,90.8,0,28.8,50.7,1488,10834,10350,-4.5,22.0,33,0,519,5116,0.0,0.0,0.0,0.0,0.0,599,0.0
TX,San Augustine County,25.3,20.4,6.0,12.4,77.2,516,1165,0.3,129,0.6,0.5,22.8,7.4,0.0,1.5,74.7,68.3,77.7,3275,5348,68100,2.63,4.2,28390,18695,26.4,0,1.7,530.66,4.5,90.6,0,26.5,51.3,901,8865,8610,-2.9,16.7,13,63,700,8070,0.0,0.0,0.0,0.0,0.0,494,0.0
TX,San Jacinto County,20.0,22.4,5.5,12.0,78.9,1744,1014,1.6,196,0.9,0.5,10.3,12.7,0.0,1.9,86.2,74.9,83.0,9425,13138,88200,2.81,2.6,46107,24733,20.1,2,3.2,569.24,8.5,87.2,0,40.4,49.6,2308,26384,27099,2.7,46.3,39,0,547,2207,0.0,0.0,0.0,0.0,0.0,1894,0.0
TX,San Patricio County,14.2,27.3,7.1,14.7,77.0,4259,15936,5.0,1044,0.9,1.1,2.2,56.0,0.1,1.4,94.2,40.2,68.6,22147,27016,89800,2.91,15.2,50657,23373,17.0,243,4.8,693.45,35.8,83.4,0,22.3,49.8,5350,64804,66915,3.3,93.5,775,1351,6215,9101,0.0,0.0,0.0,27.2,0.0,5226,27.6
TX,San Saba County,22.8,20.8,5.8,13.1,81.0,591,804,-1.7,147,1.3,0.3,2.5,29.1,0.0,1.6,94.4,67.1,79.4,2035,3168,71300,2.67,3.9,37743,18009,15.2,0,7.4,1135.3,21.6,87.7,0,18.8,47.7,457,6131,5622,-8.3,5.4,41,180,604,10246,0.0,0.0,0.0,0.0,0.0,0,0.0
TX,Schleicher County,15.1,29.2,5.8,21.9,76.3,273,508,12.1,54,0.6,0.5,1.8,52.2,0.0,1.7,95.4,45.4,73.8,1078,1492,86400,3.05,8.1,50648,24787,22.8,1,13.0,1310.63,34.2,88.1,0,23.8,48.9,169,3461,3162,-8.6,2.6,3,130,103,3770,0.0,0.0,0.0,0.0,0.0,0,0.0
TX,Scurry County,13.7,25.5,7.5,14.4,76.1,1105,5743,6.0,434,1.2,0.8,5.1,39.3,0.1,1.4,91.4,54.5,71.9,5846,7199,87200,2.6,9.4,47513,22860,15.7,8,6.7,905.44,28.7,81.7,0,16.0,46.0,1065,16921,17328,2.4,18.7,206,0,1995,12443,3.6,0.0,0.0,12.7,0.0,1408,18.4
TX,Shackelford County,18.5,23.5,5.7,25.4,87.1,469,1445,11.1,129,0.6,0.4,1.4,11.5,0.1,1.6,95.9,85.5,75.1,1445,1755,66200,2.29,7.1,47277,25436,16.1,0,4.7,914.29,8.4,91.6,0,18.7,51.2,200,3378,3343,-1.0,3.7,19,41,148,4764,0.0,0.0,0.0,0.0,0.0,584,0.0
TX,Shelby County,16.1,26.4,7.2,13.7,77.5,1669,7005,-2.6,523,0.9,1.0,17.6,18.0,0.0,1.2,79.2,62.8,71.7,9781,11924,72000,2.59,5.3,37081,21126,22.1,15,9.8,795.58,15.4,89.9,5520,23.1,50.5,1826,25448,25515,0.3,32.0,149,976,2465,9345,0.0,0.0,0.0,0.0,0.0,1960,25.6
TX,Sherman County,14.0,27.8,7.0,20.0,77.0,229,449,11.1,61,1.6,0.6,1.2,42.2,0.0,1.2,95.4,55.3,80.2,949,1282,81900,3.15,3.4,48185,21936,13.7,10,17.8,923.04,33.9,83.1,0,13.7,47.7,180,3034,3084,1.6,3.3,0,0,100,3486,0.0,0.0,0.0,0.0,0.0,138,0.0
TX,Smith County,15.5,24.9,7.0,24.5,85.2,17017,89369,3.7,5668,0.8,1.5,17.9,18.7,0.1,1.6,78.1,60.7,67.0,78459,88440,120800,2.64,17.1,47432,25626,16.7,389,9.1,921.45,16.9,81.2,54235,22.1,51.7,15549,209714,218842,4.4,227.6,3372,9221,31101,15706,0.0,0.0,7.2,6.9,0.0,21265,22.2
TX,Somervell County,18.1,23.5,5.1,29.0,84.4,707,3482,5.9,195,1.3,1.0,1.2,19.4,0.0,2.3,94.2,76.8,73.8,3193,3714,139900,2.58,5.4,55269,28134,9.3,18,7.4,186.46,16.4,82.0,0,26.4,50.7,774,8490,8694,2.4,45.5,231,148,551,7164,0.0,0.0,0.0,0.0,0.0,810,18.0
TX,Starr County,11.3,33.0,10.4,8.6,45.0,6579,9955,0.8,557,0.3,0.3,0.4,95.8,0.0,0.2,98.8,3.8,78.3,15949,19625,62900,3.81,7.3,24927,11584,39.2,0,31.3,1223.18,95.6,91.0,0,21.2,51.4,1007,60968,62955,3.3,49.8,261,0,4452,7306,0.0,1.9,0.0,73.2,0.0,6656,26.1
TX,Stephens County,19.1,22.3,5.4,15.6,80.6,850,2276,-4.0,255,1.1,0.5,2.6,22.9,0.0,1.0,94.7,73.0,75.1,3509,4926,72400,2.5,7.8,41728,20535,18.8,0,5.9,896.72,15.6,80.6,0,17.4,47.7,624,9630,9405,-2.3,10.7,62,213,788,8334,0.0,0.0,0.0,0.0,0.0,0,0.0
TX,Sterling County,16.7,26.7,5.5,22.3,76.9,186,406,17.0,46,1.8,0.1,1.3,38.0,0.1,2.3,94.3,57.8,66.2,458,615,71900,2.88,1.8,50543,20157,15.1,0,11.6,923.45,27.5,89.5,0,20.1,47.8,23,1143,1339,17.1,1.2,0,0,0,0,0.0,0.0,0.0,0.0,0.0,186,0.0
TX,Stonewall County,25.8,22.4,5.5,20.2,74.6,152,426,13.6,48,1.4,0.9,3.8,15.6,0.0,1.5,92.4,78.5,78.7,578,928,49900,2.27,3.2,42429,24063,16.6,0,2.4,916.31,10.4,95.6,0,18.0,51.9,122,1490,1403,-5.8,1.6,0,0,86,6254,0.0,0.0,0.0,0.0,0.0,205,0.0
TX,Sutton County,16.1,25.5,7.8,17.9,76.9,402,1268,-4.4,139,1.0,0.4,0.9,60.8,0.0,0.8,96.8,38.1,65.1,1445,2023,80700,2.79,8.4,53806,27721,7.3,0,9.4,1453.93,47.3,90.6,0,14.8,49.7,188,4128,3972,-3.8,2.8,97,292,419,9762,0.0,0.0,0.0,0.0,0.0,0,0.0
TX,Swisher County,18.1,25.4,6.8,16.3,78.3,465,1043,0.1,148,1.4,0.4,8.3,42.1,0.1,1.4,88.4,48.8,73.1,2604,3207,62600,2.75,7.8,36753,17880,23.1,0,5.5,890.16,25.2,78.5,0,16.7,47.7,616,7854,7581,-3.5,8.8,40,423,352,4619,0.0,0.0,0.0,10.7,0.0,582,29.6
TX,Tarrant County,10.2,27.1,7.3,29.5,84.5,151025,729252,3.5,38782,0.9,5.3,16.2,27.8,0.2,2.3,75.2,49.3,61.7,659736,739329,136400,2.77,27.7,56853,28266,15.2,8985,15.6,863.61,27.7,82.4,433375,26.0,51.1,118263,1809034,1945360,7.5,2094.7,37635,258015,249314,14582,0.7,6.1,10.3,11.8,0.0,158104,30.0
TX,Taylor County,13.9,24.6,7.3,24.4,85.4,9461,53910,0.6,3379,1.0,1.9,7.8,23.6,0.1,2.6,86.6,65.2,60.8,49304,56716,95800,2.56,19.5,44891,23141,17.4,278,5.7,915.55,15.0,76.9,0,16.0,51.1,12003,131506,135143,2.8,143.6,2461,10797,20632,16305,0.0,0.0,0.0,0.0,0.0,12030,22.1
TX,Terrell County,23.0,20.1,5.8,17.4,74.5,84,74,-17.8,16,2.8,2.4,1.9,48.9,0.0,1.1,91.8,46.0,72.2,403,700,57000,2.08,1.0,39479,31578,10.0,0,9.9,2358.03,49.3,85.8,0,16.1,46.8,62,984,927,-5.8,0.4,0,0,38,4226,0.0,0.0,0.0,0.0,0.0,0,0.0
TX,Terry County,14.6,26.9,7.9,15.5,69.1,606,2423,-0.3,235,1.1,0.6,5.2,53.2,0.0,1.2,91.9,41.3,72.2,4067,4860,64900,2.83,7.2,37679,21201,14.0,3,9.8,888.84,35.9,79.7,0,20.0,47.2,490,12651,12739,0.7,14.2,99,873,1337,11012,0.0,0.0,0.0,0.0,0.0,703,20.7
TX,Throckmorton County,25.3,21.5,4.7,19.8,80.1,204,270,12.0,49,0.9,0.4,1.1,11.9,0.0,1.1,96.5,85.3,72.7,758,1079,57500,2.11,3.8,39286,24086,13.7,0,4.3,912.55,7.0,94.9,0,23.4,51.0,137,1641,1608,-2.0,1.8,0,34,68,4195,0.0,0.0,0.0,0.0,0.0,0,0.0
TX,Titus County,13.2,29.2,8.0,13.8,72.1,1636,13703,-3.4,634,2.4,1.0,10.3,41.5,0.2,1.3,84.8,46.8,71.8,10725,12071,91600,2.98,10.7,42939,19356,22.0,22,19.3,406.05,36.2,86.7,12914,18.2,50.5,1752,32334,32506,0.5,79.6,406,0,4251,14594,0.0,0.0,0.0,0.0,0.0,2249,0.0
TX,Tom Green County,14.5,23.6,6.8,21.6,82.6,7901,39341,6.2,2738,1.1,1.3,4.6,38.1,0.1,2.0,90.8,55.1,64.2,42286,47698,99000,2.5,18.8,44545,23712,16.2,629,6.9,1521.97,24.0,74.9,0,16.9,50.3,8975,110224,116608,5.8,72.4,0,0,0,0,1.2,0.0,0.0,0.0,0.0,10356,24.3
TX,Travis County,8.4,23.0,6.9,44.9,87.0,101952,514749,4.9,31086,1.3,6.5,8.9,33.9,0.1,2.4,80.7,49.7,51.8,411876,474929,219200,2.53,39.8,58025,33206,17.4,12673,17.8,990.2,31.3,76.5,282946,24.1,49.6,53933,1024266,1151145,12.4,1034.4,28337,141198,138794,14302,0.9,5.0,3.9,13.2,0.0,103385,28.2
TX,Trinity County,25.3,19.6,4.7,9.9,81.3,893,1766,6.3,182,0.8,0.4,9.8,9.2,0.0,1.6,87.3,78.7,81.4,5091,8747,80100,2.81,3.7,34555,18730,16.1,6,4.2,693.61,6.7,92.6,0,32.5,51.8,1421,14585,14224,-3.1,21.0,119,340,570,4067,0.0,0.0,0.0,0.0,0.0,845,0.0
TX,Tyler County,20.6,19.4,5.3,11.8,82.8,1092,2384,17.0,258,0.8,0.4,11.5,7.7,0.0,1.3,86.1,79.2,82.6,8224,10604,75100,2.37,2.9,39940,19612,17.4,1,1.8,924.5,6.9,88.5,0,32.7,45.9,1909,21766,21418,-1.6,23.5,97,704,1149,5665,0.0,0.0,0.0,0.0,0.0,1339,0.0
TX,Upshur County,17.1,24.0,6.3,13.3,82.5,2725,4409,-4.0,464,1.1,0.5,8.5,7.9,0.0,2.0,87.8,80.8,78.3,14286,16750,89400,2.73,7.1,46600,22483,15.8,21,3.3,582.95,5.8,87.2,0,27.6,50.5,3528,39309,40354,2.6,67.4,202,584,2167,5777,0.0,0.0,0.0,0.0,0.0,3201,0.0
TX,Upton County,13.8,28.5,8.2,11.5,73.9,283,1127,9.8,86,2.9,0.4,2.7,52.8,0.0,1.7,92.4,43.3,73.9,1218,1549,48500,2.67,2.1,51750,22953,17.1,1,12.5,1241.32,41.0,83.0,0,18.5,49.0,158,3355,3454,3.1,2.7,0,217,167,5618,0.0,0.0,0.0,0.0,0.0,157,0.0
TX,Uvalde County,16.0,27.8,7.6,14.5,69.1,2554,6964,1.3,622,1.1,0.7,1.2,70.2,0.1,0.9,96.0,27.9,71.1,8619,11017,68600,3.01,7.0,34902,17479,26.5,13,9.7,1551.95,53.4,87.8,2036,17.7,50.7,1426,26405,27117,2.7,17.0,399,1207,3222,12137,0.0,0.0,0.0,47.8,0.0,2692,0.0
TX,Val Verde County,13.8,28.9,8.3,15.3,67.0,2735,10352,0.4,765,0.9,0.8,2.0,80.4,0.2,1.0,95.2,16.8,66.7,15082,18803,91900,3.14,15.9,40450,17867,22.1,63,23.3,3144.75,72.2,85.3,0,18.8,49.2,2980,48879,48974,0.2,15.5,589,392,5244,11036,0.0,0.0,0.0,61.5,0.0,3687,0.0
TX,Van Zandt County,19.8,23.5,5.6,13.5,81.2,4076,7950,-0.7,836,1.0,0.5,3.1,10.2,0.1,1.6,93.8,84.4,77.9,19064,22876,96900,2.71,4.5,43439,21920,16.4,89,4.4,842.56,8.0,89.5,1198,33.2,50.9,4789,52579,52910,0.6,62.4,329,501,4105,7915,0.0,0.0,0.0,0.0,0.0,4434,24.8
TX,Victoria County,14.6,25.8,7.2,16.3,81.8,5993,34376,9.0,2373,0.9,1.4,6.9,45.3,0.1,1.4,89.4,46.2,65.4,32072,36032,110200,2.71,19.3,50364,24700,16.9,835,5.6,882.14,24.8,80.6,0,20.3,50.9,6105,86793,91081,4.9,98.4,1308,6510,14342,16648,0.0,3.5,0.0,22.1,0.0,8164,23.2
TX,Walker County,11.4,15.6,4.2,17.9,81.7,3745,11331,0.9,946,0.8,1.2,23.1,17.8,0.1,1.4,73.4,57.1,57.0,20558,24937,109900,2.26,26.0,37617,16330,26.0,222,7.3,784.17,15.7,80.9,0,24.0,41.2,5028,67861,69789,2.8,86.5,738,0,6263,9835,0.0,0.0,0.0,7.5,0.0,4125,29.0
TX,Waller County,11.5,24.0,6.3,19.0,80.9,3205,10266,4.6,699,1.6,0.8,25.6,29.8,0.1,1.4,70.5,43.3,67.9,13601,16122,133400,2.97,12.2,50097,22412,20.4,82,12.9,513.43,23.7,85.5,0,31.0,50.2,2256,43205,46820,8.3,84.1,247,4515,5930,16554,0.0,0.0,5.6,0.0,0.0,3430,22.8
TX,Ward County,14.1,28.0,8.0,12.5,71.9,681,3748,8.6,299,1.7,0.7,4.9,51.5,0.1,1.8,90.8,42.2,72.2,3938,4734,57300,2.69,10.6,42568,22278,20.4,19,7.3,835.6,35.4,86.4,0,18.5,50.3,854,10658,11625,9.1,12.8,88,520,946,9327,0.0,0.0,0.0,0.0,0.0,980,0.0
TX,Washington County,19.8,21.6,5.9,23.5,80.9,2870,12488,0.2,882,0.5,1.8,18.0,15.1,0.0,1.1,78.5,64.8,69.2,12244,15702,147800,2.61,12.0,44858,23070,14.9,85,6.9,603.95,13.9,87.9,7627,19.8,50.7,2401,33718,34438,2.2,55.8,412,0,5099,15900,0.0,0.0,0.0,4.2,0.0,3393,29.9
TX,Webb County,8.7,34.0,10.0,17.2,64.2,22688,71445,2.0,5091,0.6,0.7,0.7,95.2,0.0,0.4,97.6,3.7,64.0,67372,78048,108800,3.74,20.7,39449,14553,31.4,1719,27.6,3361.48,91.3,84.8,2423,21.7,51.2,5997,250304,266673,6.5,74.5,3173,14720,29135,12621,0.9,2.1,0.0,69.4,0.0,21217,25.8
TX,Wharton County,15.8,25.9,6.7,14.6,74.7,3039,11541,-2.3,982,0.7,0.6,14.1,39.7,0.1,0.9,83.6,45.8,68.0,14517,17371,95600,2.8,12.7,40411,20310,18.8,19,8.4,1086.15,26.6,92.3,4639,22.9,50.7,2001,41280,41168,-0.3,38.0,459,5411,4667,11439,0.0,0.0,0.0,0.0,0.0,3574,30.1
TX,Wheeler County,17.2,26.4,6.9,18.4,80.5,508,1764,-30.3,200,1.5,0.7,2.8,27.3,0.0,1.7,93.2,67.9,72.5,2319,2715,76600,2.35,2.2,51766,30097,14.3,0,11.2,914.52,19.3,83.5,0,18.4,48.9,319,5410,5714,5.6,5.9,93,258,460,9676,0.0,0.0,0.0,0.0,0.0,626,0.0
TX,Wichita County,13.8,22.8,6.6,20.1,85.2,7730,45010,-2.3,3150,1.3,2.2,10.9,18.3,0.1,2.5,83.0,66.6,62.4,48305,56040,89800,2.45,20.3,45086,22905,15.6,143,6.8,627.78,12.9,79.5,14924,15.5,48.4,11953,131500,132355,0.5,209.5,2548,5480,17159,13382,0.0,3.1,0.0,6.7,0.0,10873,26.1
TX,Wilbarger County,16.9,23.6,6.7,16.5,79.0,707,3632,-2.5,297,1.5,1.0,8.7,28.7,0.1,2.0,86.6,59.9,68.3,5161,6275,62000,2.44,13.8,41658,20373,20.7,2,4.3,970.84,14.7,85.2,0,13.1,51.0,896,13535,12973,-4.2,13.9,160,0,1702,12382,0.0,3.2,0.0,0.0,0.0,933,0.0
TX,Willacy County,12.6,25.3,6.5,8.8,62.2,1327,2331,-11.4,191,0.7,0.8,2.7,87.7,0.1,0.5,95.3,9.4,77.9,5499,7118,48800,3.59,8.3,25886,11313,40.0,98,15.7,590.55,45.4,90.4,0,18.0,45.4,1081,22134,21903,-1.0,37.5,132,0,1228,6040,0.0,0.0,0.0,56.8,0.0,1439,30.0
TX,Williamson County,10.9,27.1,6.8,38.0,92.0,34913,137138,7.5,8908,0.9,6.0,6.8,23.9,0.1,2.6,83.6,61.7,68.6,154948,175677,178900,2.82,20.3,71803,31070,7.0,4706,10.9,1118.3,20.7,81.3,16476,26.0,50.9,33319,422679,489250,15.8,378.0,5836,15251,99180,26573,0.0,5.9,4.0,10.8,0.0,33853,30.5
TX,Wilson County,14.9,24.8,5.7,18.0,84.6,3248,5631,7.2,601,0.9,0.5,1.7,38.6,0.0,1.4,95.4,58.2,84.9,15157,16991,143500,2.85,3.1,64571,27238,11.5,34,4.6,803.73,23.4,89.7,0,32.7,49.9,4636,42918,46402,8.1,53.4,208,489,1804,4609,0.0,0.0,0.0,22.6,0.0,3222,0.0
TX,Winkler County,10.9,30.4,8.1,9.6,70.1,503,1540,9.5,170,1.8,0.6,3.0,58.2,0.0,0.9,93.7,38.2,80.4,2709,3010,45100,2.63,4.9,48992,23629,12.8,0,12.8,841.11,43.0,84.0,0,23.3,48.7,289,7110,7821,10.0,8.5,46,291,403,6169,0.0,0.0,0.0,0.0,0.0,634,0.0
TX,Wise County,14.4,25.1,6.5,16.1,83.8,4858,18868,3.1,1269,1.0,0.5,1.6,18.4,0.1,1.5,95.3,77.9,80.6,20487,23946,121900,2.88,5.0,56005,25663,10.8,46,6.3,904.42,13.5,86.3,3765,30.9,49.6,4581,59127,61638,4.2,65.4,592,4183,5652,9819,0.0,2.4,0.0,5.1,0.0,6538,23.4
TX,Wood County,26.5,19.7,4.9,17.0,83.4,3430,8057,-0.6,800,1.0,0.6,5.0,9.6,0.1,1.4,91.9,83.3,81.1,15800,20941,99900,2.56,4.7,43649,23129,14.6,19,3.5,645.23,7.0,87.2,7080,27.5,50.6,4876,41964,42852,2.1,65.0,303,1370,3834,9072,2.9,0.0,0.0,0.0,0.0,4616,25.3
TX,Yoakum County,11.9,32.3,9.5,15.0,70.3,464,2548,3.2,184,1.7,0.5,1.6,63.1,0.0,1.2,95.0,34.4,80.0,2654,3000,71100,3.0,2.5,49340,21389,11.7,14,22.7,799.71,51.3,86.0,0,17.8,50.6,361,7879,8286,5.2,9.9,60,511,369,4976,0.0,0.0,0.0,0.0,0.0,0,0.0
TX,Young County,19.4,24.0,6.7,16.7,78.6,1999,5955,4.7,589,1.3,0.6,1.6,17.9,0.1,1.4,95.0,78.7,71.8,7186,8657,84300,2.52,10.2,44429,26979,16.0,35,5.7,914.47,13.3,87.0,3014,16.3,50.6,1345,18550,18350,-1.1,20.3,177,861,1851,10447,1.6,0.0,0.0,0.0,0.0,2370,17.0
TX,Zapata County,11.6,33.4,10.1,8.5,54.8,1405,2218,-13.6,163,0.5,0.2,0.4,93.9,0.0,0.2,98.7,5.5,79.1,4460,6226,55700,3.17,2.9,31109,16671,34.7,0,24.5,998.41,87.2,87.1,0,17.7,49.6,478,14018,14319,2.1,14.0,94,0,621,4586,0.0,0.0,0.0,65.7,0.0,1177,26.9
TX,Zavala County,12.5,30.6,8.9,9.4,60.3,909,1880,2.2,109,1.0,0.2,1.3,93.0,0.2,0.8,96.6,6.2,68.6,3654,4304,39900,3.15,13.5,25625,12828,35.0,11,11.2,1297.41,79.3,90.3,0,17.3,49.9,422,11677,12267,5.1,9.0,46,0,332,2860,0.0,0.0,0.0,75.3,0.0,1099,34.8
